first_name,last_name,email,city,country,signup_date,signup_source
Gayleen,Covil,gcovil0@gravatar.com,Taochuan,China,2025-12-27,discount_signup
Jakie,Stowgill,jstowgill1@last.fm,Marseille,France,2026-02-27,checkout
Quincy,Engley,qengley2@hao123.com,Cabo,Brazil,2025-12-04,checkout
Yance,Oertzen,yoertzen3@cloudflare.com,Samouco,Portugal,2025-03-28,discount_signup
Cam,Pedrol,cpedrol4@wikimedia.org,Dębno,Poland,2025-05-18,manual
Christy,Tremmil,ctremmil5@time.com,Arnelas,Portugal,2026-03-03,checkout
Shirlene,Luppitt,sluppitt6@dailymotion.com,Jönköping,Sweden,2026-01-02,checkout
Trixy,Oki,toki7@samsung.com,Baruta,Venezuela,2026-02-21,checkout
Raphael,Catlin,rcatlin8@biblegateway.com,Jaguariaíva,Brazil,2025-06-23,manual
Vania,Peasey,vpeasey9@diigo.com,Žiežmariai,Lithuania,2025-12-28,checkout
Rikki,Horsefield,rhorsefielda@telegraph.co.uk,Montijo,Panama,2025-08-05,manual
Christine,Tulley,ctulleyb@paginegialle.it,Stuttgart,Germany,2025-12-15,manual
Suzanna,Leyfield,sleyfieldc@furl.net,Amashca,Peru,2026-02-24,checkout
Darrelle,Cheshir,dcheshird@who.int,Jembayan Hitam,Indonesia,2025-03-16,discount_signup
Quillan,Nussey,qnusseye@dell.com,Montecristi,Ecuador,2025-07-02,checkout
Karine,Marchello,kmarchellof@comcast.net,Charopó,Greece,2025-11-23,discount_signup
Berte,Hammerman,bhammermang@twitter.com,Faīẕābād,Afghanistan,2025-10-05,checkout
Sallie,Blazic,sblazich@dailymail.co.uk,Pasadena,United States,2026-01-31,discount_signup
Jobyna,Stewart,jstewarti@pagesperso-orange.fr,Panjāb,Afghanistan,2026-02-08,checkout
Remington,Townshend,rtownshendj@ebay.com,Baykalovo,Russia,2026-01-10,checkout
Samantha,Lishmund,slishmundk@sogou.com,Manna,Indonesia,2026-01-03,checkout
Iolanthe,Antunes,iantunesl@moonfruit.com,Puerto Aisén,Chile,2025-11-01,discount_signup
Ancell,Velten,aveltenm@zimbio.com,São Gonçalo do Sapucaí,Brazil,2025-11-09,checkout
Barn,Persence,bpersencen@tiny.cc,Hexia,China,2025-04-11,checkout
Shoshana,Scirman,sscirmano@nymag.com,Lokoja,Nigeria,2025-04-23,discount_signup
Garfield,Steinor,gsteinorp@elegantthemes.com,Mi’ersi,China,2025-08-20,discount_signup
Pammy,Leif,pleifq@icq.com,Ryazan’,Russia,2025-07-30,checkout
Bernhard,Payn,bpaynr@ebay.com,Ugljan,Croatia,2025-05-26,checkout
Kalila,Ghiraldi,kghiraldis@typepad.com,Burnside,United Kingdom,2025-10-25,manual
Cyril,Olek,colekt@salon.com,Rungis,France,2025-04-17,checkout
Had,Dunan,hdunanu@yahoo.co.jp,Luanda,Angola,2025-08-16,checkout
Thelma,Endrighi,tendrighiv@uiuc.edu,San Sebastian,Philippines,2025-09-22,checkout
Deck,Brookes,dbrookesw@nasa.gov,Uspenskoye,Russia,2025-04-29,manual
Danny,Sprowell,dsprowellx@scribd.com,Xin’an,China,2025-08-05,checkout
Elwyn,McCreedy,emccreedyy@yale.edu,Ouagadougou,Burkina Faso,2026-02-15,discount_signup
Anselma,Fenton,afentonz@multiply.com,Janaúba,Brazil,2025-09-21,checkout
Antonia,Loudiane,aloudiane10@amazon.co.uk,Beloeil,Canada,2025-11-15,checkout
Merl,Gillyatt,mgillyatt11@smugmug.com,Székesfehérvár,Hungary,2025-06-16,checkout
Josephina,Seniour,jseniour12@creativecommons.org,Tánh Linh,Vietnam,2026-01-06,checkout
Onfre,De Roberto,oderoberto13@tiny.cc,Örnsköldsvik,Sweden,2025-03-14,checkout
Edgardo,Asbury,easbury14@topsy.com,Khōshāmand,Afghanistan,2026-03-05,checkout
Dorie,Borkin,dborkin15@businessinsider.com,Nueva Fuerza,Philippines,2025-04-20,discount_signup
Kean,Apark,kapark16@foxnews.com,Petrov,Czech Republic,2026-02-08,discount_signup
Loella,Durrand,ldurrand17@wordpress.org,Pondokaso,Indonesia,2025-04-14,checkout
Ediva,Frankling,efrankling18@yolasite.com,Turze Pole,Poland,2025-08-10,checkout
Kippy,O'Longain,kolongain19@is.gd,Palilula,Serbia,2025-10-12,manual
Gill,Esley,gesley1a@vistaprint.com,Porto de Mós,Portugal,2025-05-09,discount_signup
Perry,Selwyne,pselwyne1b@techcrunch.com,Parigi,Indonesia,2026-01-21,discount_signup
Aubry,Snaden,asnaden1c@vinaora.com,Xuanbao,China,2025-11-19,checkout
Ettie,Lamperd,elamperd1d@ucoz.com,Vyatskiye Polyany,Russia,2026-01-01,checkout
Teddie,Yglesia,tyglesia1e@tamu.edu,Tayang,China,2026-02-01,checkout
Shoshana,Pessolt,spessolt1f@wikia.com,Liaonan,China,2026-03-10,checkout
Tamara,Lawes,tlawes1g@deliciousdays.com,Breda,Netherlands,2025-04-22,checkout
Elisabet,Toffanelli,etoffanelli1h@eventbrite.com,Quetigny,France,2025-06-03,
Jayme,Colter,jcolter1i@phpbb.com,Humaitá,Brazil,2026-01-13,manual
Norean,Naulls,nnaulls1j@amazon.de,Huangsangkou,China,2025-10-11,discount_signup
Mina,Breitler,mbreitler1k@w3.org,Sinarharapan,Indonesia,2025-05-09,checkout
Letta,Winridge,lwinridge1l@bravesites.com,Mainang,Indonesia,2025-12-08,checkout
Merna,Huxter,mhuxter1m@domainmarket.com,Andres Bonifacio,Philippines,2025-10-01,discount_signup
Timmy,Moulding,tmoulding1n@barnesandnoble.com,Aganan,Philippines,2025-09-21,discount_signup
George,Conquer,gconquer1o@photobucket.com,Moss,Norway,2025-06-17,checkout
Roberto,Rae,rrae1p@yandex.ru,Nerokoúros,Greece,2025-06-05,manual
Tremain,Need,tneed1q@desdev.cn,Malainen Luma,Philippines,2025-03-25,checkout
Laraine,Kermeen,lkermeen1r@issuu.com,Pavia,Portugal,2025-05-05,checkout
Wesley,Tottie,wtottie1s@edublogs.org,Zelenchukskaya,Russia,2025-09-08,checkout
Martyn,Taplow,mtaplow1t@merriam-webster.com,Zhongfeng,China,2025-08-07,checkout
Hank,Petrasch,hpetrasch1u@patch.com,Victoria,Malta,2026-02-14,discount_signup
Meir,Groves,mgroves1v@pinterest.com,Xiasi,China,2025-12-17,discount_signup
Daniella,Milton,dmilton1w@netscape.com,Szczurowa,Poland,2025-11-01,checkout
Sylvester,Dubois,sdubois1x@indiegogo.com,Ash Shuhadā’,Egypt,2025-08-23,
Guillema,Grodden,ggrodden1y@amazon.com,Põlva,Estonia,2025-11-23,manual
Murdoch,Comello,mcomello1z@cnbc.com,Langue,Honduras,2025-05-28,discount_signup
Merci,Raggles,mraggles20@mozilla.org,Hongchuan,China,2025-12-18,checkout
Lauren,Albany,lalbany21@seesaa.net,L-Iklin,Malta,2025-10-24,manual
Kellina,Flewitt,kflewitt22@devhub.com,Puerto Princesa,Philippines,2025-05-19,checkout
Patience,Winslade,pwinslade23@noaa.gov,Pereval'noe,Ukraine,2025-10-14,checkout
Antone,Drogan,adrogan24@gnu.org,Yuxarı Aran,Azerbaijan,2026-01-18,discount_signup
Minetta,Massen,mmassen25@discovery.com,Billdal,Sweden,2025-06-23,manual
Candy,Macenzy,cmacenzy26@slideshare.net,Balekambang,Indonesia,2025-05-07,discount_signup
Karin,Belton,kbelton27@auda.org.au,Palos,Tajikistan,2025-04-13,discount_signup
Toiboid,McGrah,tmcgrah28@github.com,Montrouge,France,2025-07-13,discount_signup
Franklyn,Mehmet,fmehmet29@google.com.hk,Anolaima,Colombia,2025-04-13,discount_signup
Berkley,Bernuzzi,bbernuzzi2a@usnews.com,Moog,Philippines,2025-04-22,manual
Frederik,Bartley,fbartley2b@japanpost.jp,Naranjo,Costa Rica,2025-06-30,checkout
Frankie,Tidd,ftidd2c@blogs.com,Takari,Indonesia,2025-09-04,discount_signup
Sloan,McCarthy,smccarthy2d@tripod.com,Liucun,China,2026-01-24,manual
Hastie,Heinzel,hheinzel2e@engadget.com,Zmeyskaya,Russia,2025-10-12,checkout
Glad,Carbery,gcarbery2f@phpbb.com,Mahe,China,2025-11-06,checkout
Jareb,Tubritt,jtubritt2g@slashdot.org,Yasenskaya,Russia,2025-07-18,checkout
Stephen,Bowshire,sbowshire2h@163.com,Zaječov,Czech Republic,2025-06-22,checkout
Chrisy,Jancy,cjancy2i@moonfruit.com,Santana do Livramento,Brazil,2026-01-07,discount_signup
Rubin,Brave,rbrave2j@state.gov,Mayahi,Niger,2025-11-06,checkout
Genvieve,Briant,gbriant2k@photobucket.com,Gwangju,South Korea,2025-04-30,discount_signup
Cecil,Grassin,cgrassin2l@seesaa.net,Ban Na San,Thailand,2025-06-17,discount_signup
Charline,Simunek,csimunek2m@angelfire.com,Alta Gracia,Argentina,2025-03-13,checkout
Sean,Gasparro,sgasparro2n@sciencedaily.com,Liuge,China,2025-03-14,manual
Margareta,Niesel,mniesel2o@networksolutions.com,Church End,United Kingdom,2026-03-10,discount_signup
Jessee,Antowski,jantowski2p@nbcnews.com,Bearna,Ireland,2025-04-01,checkout
Hoyt,Duplain,hduplain2q@army.mil,Aroa,Venezuela,2025-12-15,manual
Kesley,Gerrit,kgerrit2r@berkeley.edu,Boisbriand,Canada,2025-04-07,checkout
Caroljean,Petrakov,cpetrakov2s@admin.ch,Wojcieszków,Poland,2026-02-07,discount_signup
Lilian,Wykey,lwykey2t@flavors.me,Janeng,Botswana,2025-08-07,checkout
Lancelot,Robey,lrobey2u@aol.com,Fort Wayne,United States,2025-10-19,checkout
Christian,Behnen,cbehnen2v@hc360.com,Mashiko,Japan,2025-08-26,checkout
Lesli,Donnel,ldonnel2w@studiopress.com,Mendeleyevsk,Russia,2025-12-24,checkout
Dewain,Knoles,dknoles2x@wunderground.com,Ābdānān,Iran,2025-09-09,discount_signup
Libbey,Sandall,lsandall2y@drupal.org,Buffalo,United States,2025-09-29,discount_signup
Anastasia,Casebourne,acasebourne2z@xinhuanet.com,Tanggulangin,Indonesia,2025-08-29,checkout
Natividad,Demangeon,ndemangeon30@cocolog-nifty.com,Cravo Norte,Colombia,2025-10-05,checkout
Layney,Beert,lbeert31@nsw.gov.au,San Miguel,Costa Rica,2026-02-27,discount_signup
Brigham,Blizard,bblizard32@ow.ly,Mizhhir’ya,Ukraine,2025-10-30,manual
Cortie,Cranage,ccranage33@edublogs.org,Fandriana,Madagascar,2026-01-04,manual
Hedda,McGrann,hmcgrann34@freewebs.com,Xindai,China,2025-04-13,manual
Annora,Arrighi,aarrighi35@exblog.jp,Troyan,Bulgaria,2026-01-26,manual
Sadye,Blissitt,sblissitt36@microsoft.com,Shuvakish,Russia,2025-07-17,manual
Marje,McGuff,mmcguff37@addtoany.com,Guansheng,China,2025-08-28,discount_signup
Deina,Veltman,dveltman38@facebook.com,Miami,United States,2025-09-11,checkout
Teriann,Marchant,tmarchant39@dell.com,Hongmiao,China,2026-01-31,checkout
Doug,Goldsack,dgoldsack3a@is.gd,Guoyuan,China,2026-02-27,
Cloe,Hedylstone,chedylstone3b@liveinternet.ru,Konobeyevo,Russia,2025-12-14,checkout
Babbie,Block,bblock3c@seesaa.net,Kŭlob,Tajikistan,2025-04-09,manual
Dorine,Ferie,dferie3d@latimes.com,Sungaibengkal,Indonesia,2025-11-20,manual
Chip,Robbs,crobbs3e@apple.com,Sharjah,United Arab Emirates,2025-09-06,discount_signup
Alanah,Raffon,araffon3f@google.it,Tullich,United Kingdom,2025-03-13,checkout
Wilone,McGuiney,wmcguiney3g@gov.uk,Cisiih,Indonesia,2025-09-07,checkout
Orsola,Huffey,ohuffey3h@fotki.com,Dongtai,China,2026-01-14,discount_signup
Mace,Jellico,mjellico3i@cisco.com,Lwówek Śląski,Poland,2025-09-09,checkout
Barth,Dragge,bdragge3j@alibaba.com,Gajrug,Indonesia,2026-02-17,checkout
Montague,Waltho,mwaltho3k@uol.com.br,Lerum,Sweden,2025-05-12,checkout
Calli,Baccas,cbaccas3l@utexas.edu,Yanghou,China,2025-11-03,manual
Gonzales,Mineghelli,gmineghelli3m@sina.com.cn,Doblas,Argentina,2025-09-03,discount_signup
Moria,MacQueen,mmacqueen3n@hao123.com,Jamundí,Colombia,2025-08-09,discount_signup
Kelly,Sammes,ksammes3o@tumblr.com,Sławoborze,Poland,2025-03-20,checkout
Clayson,Kiggel,ckiggel3p@boston.com,Banjar Banyualit,Indonesia,2025-08-19,checkout
Viva,Odger,vodger3q@flickr.com,Amnat Charoen,Thailand,2026-02-11,discount_signup
Malory,Novakovic,mnovakovic3r@xinhuanet.com,Philipsburg,Sint Maarten,2025-12-16,discount_signup
Doroteya,Eathorne,deathorne3s@nba.com,Sinarwangi,Indonesia,2026-03-04,manual
Teodor,Dudill,tdudill3t@unblog.fr,Strazhitsa,Bulgaria,2025-06-07,discount_signup
Avril,Strong,astrong3u@fastcompany.com,Edsbyn,Sweden,2026-02-01,manual
Finley,Gane,fgane3v@webeden.co.uk,Itaberaí,Brazil,2026-02-23,discount_signup
Claudia,Files,cfiles3w@nydailynews.com,Yur’yev-Pol’skiy,Russia,2025-09-03,discount_signup
Vinnie,Edess,vedess3x@google.nl,Dasuk,Indonesia,2025-08-07,checkout
Jay,Domelaw,jdomelaw3y@plala.or.jp,Pionerskiy,Russia,2025-08-02,checkout
Rani,Topham,rtopham3z@dyndns.org,Konakridee,Sierra Leone,2026-01-20,checkout
Mic,Scemp,mscemp40@nyu.edu,Debar,Macedonia,2025-08-26,checkout
Jethro,Possek,jpossek41@is.gd,Plužine,Montenegro,2026-03-06,discount_signup
Sal,Fynan,sfynan42@nytimes.com,Bellavista,Mexico,2025-10-28,checkout
Theo,Yitzhok,tyitzhok43@intel.com,Jabinyānah,Tunisia,2025-08-07,checkout
Jewelle,Lande,jlande44@xinhuanet.com,Osa,Russia,2026-03-06,checkout
Conway,Orton,corton45@army.mil,Murygino,Russia,2026-03-08,checkout
Temple,Cass,tcass46@si.edu,La Paz,Philippines,2025-11-02,checkout
Koral,McSpirron,kmcspirron47@drupal.org,Lunas,Philippines,2025-03-17,discount_signup
Oliviero,Steiner,osteiner48@sina.com.cn,Shazikou,China,2026-01-21,manual
Torry,MacPharlain,tmacpharlain49@pen.io,Iwkowa,Poland,2025-12-19,
Orland,Dumberell,odumberell4a@illinois.edu,Budapest,Hungary,2025-09-15,checkout
Chrissie,Grishkov,cgrishkov4b@trellian.com,Komono,Japan,2025-11-14,checkout
Fredrick,Alman,falman4c@newyorker.com,Nanshe,China,2025-04-19,discount_signup
Sauveur,Rubbert,srubbert4d@cnet.com,Paradyż,Poland,2026-02-06,checkout
Marcia,Dennistoun,mdennistoun4e@quantcast.com,Rennes,France,2025-04-30,checkout
Tasia,Olivello,tolivello4f@opera.com,Marisol,Portugal,2025-06-20,checkout
Leigh,Philps,lphilps4g@dailymotion.com,Zaleszany,Poland,2025-06-27,checkout
Louise,Davidovic,ldavidovic4h@wp.com,Saint-Lô,France,2025-11-12,checkout
Evvy,Rehor,erehor4i@macromedia.com,Banjar Ambengan,Indonesia,2026-01-22,checkout
Creight,Hutchason,chutchason4j@telegraph.co.uk,Huntington Beach,United States,2025-07-27,checkout
Charin,Charer,ccharer4k@samsung.com,Napier,New Zealand,2025-09-12,manual
Gael,Maddicks,gmaddicks4l@barnesandnoble.com,Velký Týnec,Czech Republic,2025-06-28,manual
Marys,Wasbrough,mwasbrough4m@va.gov,Magomeni,Tanzania,2025-11-04,checkout
Brad,Miskelly,bmiskelly4n@dailymotion.com,Järfälla,Sweden,2025-05-20,manual
Christian,Snowden,csnowden4o@omniture.com,Bukuru,Nigeria,2025-08-06,discount_signup
Evvie,Milkin,emilkin4p@bloglovin.com,Albi,France,2025-09-18,discount_signup
Devondra,Rodenburgh,drodenburgh4q@vk.com,Meicheng,China,2025-07-17,checkout
Harmonia,Georgel,hgeorgel4r@biblegateway.com,Pelileo,Ecuador,2026-01-11,discount_signup
Marcelia,Chansonnau,mchansonnau4s@amazonaws.com,Visby,Sweden,2025-05-30,discount_signup
Shae,Bompass,sbompass4t@jiathis.com,Jieshui,China,2025-04-18,checkout
Jarrad,Godehard.sf,jgodehardsf4u@kickstarter.com,Wilmington,United States,2025-04-28,checkout
Mersey,Martinot,mmartinot4v@blogtalkradio.com,Chiquinquirá,Colombia,2025-04-04,
Jane,Studde,jstudde4w@nasa.gov,Maracanaú,Brazil,2025-12-15,discount_signup
Dayna,Hallaways,dhallaways4x@virginia.edu,Luobuqiongzi,China,2025-03-24,checkout
Doll,O'Mara,domara4y@dedecms.com,Clichy,France,2025-07-19,checkout
Shaw,Fernie,sfernie4z@cbc.ca,Lazdijai,Lithuania,2025-09-14,checkout
Shanda,Kairns,skairns50@blogtalkradio.com,Asahikawa,Japan,2025-11-11,manual
Jabez,Pellamont,jpellamont51@macromedia.com,Mogoditshane,Botswana,2026-02-28,discount_signup
Devland,Uttermare,duttermare52@dailymotion.com,Tây Đằng,Vietnam,2025-04-21,checkout
Creigh,Rossey,crossey53@microsoft.com,Yanshi,China,2025-06-05,manual
Ray,Muskett,rmuskett54@canalblog.com,Diapaga,Burkina Faso,2025-03-12,manual
Brita,Shew,bshew55@microsoft.com,Tarangnan,Philippines,2026-03-10,discount_signup
Anneliese,Caughey,acaughey56@mysql.com,Olsztyn,Poland,2025-09-13,discount_signup
Sigismund,Napier,snapier57@nytimes.com,Digkilaan,Philippines,2025-09-12,checkout
Evita,Pettit,epettit58@accuweather.com,Xia’ertai,China,2025-11-27,manual
Ailey,Scrane,ascrane59@netvibes.com,Guohe,China,2025-05-30,manual
Aurelea,Danaher,adanaher5a@sakura.ne.jp,San Francisco,Philippines,2025-03-21,checkout
Bail,Foottit,bfoottit5b@noaa.gov,Borūjen,Iran,2025-11-15,discount_signup
De,Geill,dgeill5c@loc.gov,Senanga,Zambia,2025-07-22,manual
Abba,Tailby,atailby5d@linkedin.com,Passa Quatro,Brazil,2025-09-20,discount_signup
Nari,Runsey,nrunsey5e@de.vu,Norrtälje,Sweden,2025-07-11,
Othilia,Waberer,owaberer5f@rediff.com,Nobo,Indonesia,2025-04-09,discount_signup
Eulalie,Corton,ecorton5g@mapquest.com,Złoty Stok,Poland,2025-04-19,discount_signup
Lotte,Bidnall,lbidnall5h@webeden.co.uk,Šestajovice,Czech Republic,2025-07-15,checkout
Carlie,Rapps,crapps5i@aboutads.info,Luleå,Sweden,2025-09-03,checkout
Madelin,Behnecke,mbehnecke5j@gizmodo.com,Nouvelle France,Mauritius,2026-01-26,checkout
Reinwald,Truitt,rtruitt5k@dyndns.org,Fuwen,China,2026-01-30,checkout
Alexi,Stonier,astonier5l@dell.com,Pang,Philippines,2025-12-06,checkout
Vernen,Butland,vbutland5m@cargocollective.com,Pontevedra,Spain,2025-03-13,discount_signup
Ingram,Lowrance,ilowrance5n@arstechnica.com,Igbor,Nigeria,2025-09-01,checkout
Sampson,Fenners,sfenners5o@noaa.gov,Czerwionka-Leszczyny,Poland,2025-06-20,manual
Knox,Attersoll,kattersoll5p@1und1.de,Yanjiao,China,2025-05-15,checkout
Linc,Gretton,lgretton5q@facebook.com,Itupeva,Brazil,2025-08-13,checkout
Wallie,Viste,wviste5r@bigcartel.com,Kobleve,Ukraine,2025-10-08,manual
Magda,Matveichev,mmatveichev5s@instagram.com,Menglie,China,2025-12-18,checkout
Reube,Cozzi,rcozzi5t@springer.com,Linköping,Sweden,2025-07-21,discount_signup
Darby,Ibbitt,dibbitt5u@topsy.com,Açucena,Brazil,2026-01-09,checkout
Skye,Sedgefield,ssedgefield5v@umn.edu,Lindome,Sweden,2025-09-11,discount_signup
Georgette,Whal,gwhal5w@apple.com,Shunhe,China,2026-01-27,discount_signup
Giraud,Bullingham,gbullingham5x@jimdo.com,Yujiawu,China,2025-03-20,checkout
Arliene,Durtnel,adurtnel5y@geocities.jp,Digne-les-Bains,France,2025-11-21,discount_signup
Neils,Buy,nbuy5z@eventbrite.com,Dongguan,China,2025-04-03,checkout
Dixie,Cella,dcella60@engadget.com,Bugko,Philippines,2025-09-12,
Emmaline,Lysons,elysons61@i2i.jp,Geita,Tanzania,2025-08-17,discount_signup
Alix,Brownill,abrownill62@zimbio.com,Eusebio Ayala,Paraguay,2025-08-24,manual
Chandler,Charlesworth,ccharlesworth63@pbs.org,Znamenka,Russia,2025-05-15,discount_signup
Frasier,Lotte,flotte64@etsy.com,Ladário,Portugal,2025-03-22,discount_signup
Ardys,Aldwich,aaldwich65@ft.com,Iraray,Philippines,2025-07-02,discount_signup
Yardley,Heijnen,yheijnen66@cisco.com,Oslo,Norway,2025-12-29,discount_signup
Eda,Yannikov,eyannikov67@admin.ch,Springfield,United States,2025-08-18,
Claudette,Melbury,cmelbury68@bloomberg.com,Lembanah,Indonesia,2026-01-08,checkout
Caria,Hamshaw,chamshaw69@freewebs.com,Az Zintān,Libya,2025-07-21,manual
Lucia,Championnet,lchampionnet6a@tripadvisor.com,Nao,Indonesia,2025-09-05,discount_signup
Judy,Jehu,jjehu6b@virginia.edu,Pedro Leopoldo,Brazil,2025-04-30,discount_signup
Hedy,Shuttlewood,hshuttlewood6c@blogger.com,Dagang,China,2025-10-10,checkout
Ed,Fudger,efudger6d@liveinternet.ru,Komletinci,Croatia,2025-07-08,checkout
Sherman,Hayes,shayes6e@example.com,Talisayan,Philippines,2026-03-01,checkout
Callean,McCarter,cmccarter6f@nps.gov,Baihe,China,2025-04-10,discount_signup
Pepillo,Galle,pgalle6g@va.gov,Ai Tu,Vietnam,2025-04-01,discount_signup
Rana,Madders,rmadders6h@boston.com,Sunchales,Argentina,2025-07-28,checkout
Mandy,Pond,mpond6i@admin.ch,Tran,Philippines,2025-11-05,manual
Sib,Guido,sguido6j@ucoz.com,Dasanlian Lauk,Indonesia,2026-02-01,discount_signup
Ranna,Maypes,rmaypes6k@jiathis.com,Hulei,China,2025-06-19,manual
Andria,Norrey,anorrey6l@spiegel.de,Gonghe,China,2025-08-05,checkout
Fay,Pachmann,fpachmann6m@moonfruit.com,Shuangyuan,China,2026-02-23,discount_signup
Randy,Brenstuhl,rbrenstuhl6n@i2i.jp,Paihia,New Zealand,2025-04-12,manual
Romola,Lorden,rlorden6o@instagram.com,Vol’sk,Russia,2025-05-31,checkout
Mace,Unwins,munwins6p@cloudflare.com,Guimarei,Portugal,2025-09-21,checkout
Naomi,Choulerton,nchoulerton6q@thetimes.co.uk,Changling,China,2025-07-26,checkout
Chlo,Clarson,cclarson6r@opensource.org,Krajan Demit,Indonesia,2026-01-29,checkout
Bertrando,O'Mailey,bomailey6s@bluehost.com,Baipu,China,2026-03-02,checkout
Asher,Aim,aaim6t@hubpages.com,Ziketan,China,2025-03-15,checkout
Grace,Stolberg,gstolberg6u@moonfruit.com,Pasacao,Philippines,2025-04-29,discount_signup
Donny,Reaney,dreaney6v@reuters.com,Landázuri,Colombia,2025-05-24,manual
Aldus,Seefeldt,aseefeldt6w@sakura.ne.jp,Xike,China,2025-11-24,discount_signup
Derrik,Terney,dterney6x@clickbank.net,Pirok,Macedonia,2025-09-12,checkout
Joceline,Guilloud,jguilloud6y@friendfeed.com,São Roque,Brazil,2025-04-24,checkout
Joshua,Sagg,jsagg6z@amazonaws.com,Farkhah,Palestinian Territory,2025-08-07,checkout
Anestassia,Levet,alevet70@springer.com,Nunleu,Indonesia,2026-01-07,discount_signup
Poppy,McClary,pmcclary71@yandex.ru,Hrob,Czech Republic,2025-05-26,discount_signup
Saraann,Dunk,sdunk72@seattletimes.com,Chervonohryhorivka,Ukraine,2025-05-06,checkout
Helen,Craghead,hcraghead73@ftc.gov,Třemošnice,Czech Republic,2025-05-28,
Brander,Ascraft,bascraft74@163.com,Stockholm,Sweden,2025-05-02,discount_signup
Isabeau,Otson,iotson75@prnewswire.com,Tambaksari,Indonesia,2025-04-08,checkout
Alfreda,Morey,amorey76@symantec.com,Luoshui,China,2025-05-03,checkout
Tonya,Ethersey,tethersey77@zimbio.com,Đình Lập,Vietnam,2025-12-31,checkout
Natka,McHan,nmchan78@google.com,Cairani,Peru,2025-08-20,checkout
Frannie,Nornasell,fnornasell79@oaic.gov.au,Hengfeng,China,2026-03-06,checkout
Hedwig,Halksworth,hhalksworth7a@wsj.com,Budzów,Poland,2025-09-01,checkout
Dominga,Merrgan,dmerrgan7b@blog.com,San Martin,Mexico,2025-08-15,checkout
Britt,Swatridge,bswatridge7c@linkedin.com,Samayac,Guatemala,2025-11-25,checkout
Libbi,Eagers,leagers7d@lycos.com,San Antonio de los Baños,Cuba,2025-12-29,checkout
Cherice,Ebbrell,cebbrell7e@goo.ne.jp,Ra-ngae,Thailand,2025-05-01,checkout
Jeniffer,Orrobin,jorrobin7f@whitehouse.gov,Caherconlish,Ireland,2025-05-10,manual
Karilynn,Lazer,klazer7g@upenn.edu,Huacao,China,2025-10-26,discount_signup
Foss,Holburn,fholburn7h@liveinternet.ru,Chiquinquirá,Colombia,2025-12-08,manual
Stephie,Opdenorth,sopdenorth7i@sciencedaily.com,Bangker,Indonesia,2025-07-30,checkout
Stewart,Petranek,spetranek7j@geocities.com,Panacan,Philippines,2025-06-15,manual
Conney,Florez,cflorez7k@wunderground.com,Sawaengha,Thailand,2025-12-23,discount_signup
Marlin,Matthewson,mmatthewson7l@reuters.com,Vuokatti,Finland,2025-07-11,checkout
Denna,Kocher,dkocher7m@freewebs.com,Oslo,Norway,2025-11-03,discount_signup
Kimmi,Densumbe,kdensumbe7n@google.pl,Los Pinos,Mexico,2025-05-29,discount_signup
Manon,Gajownik,mgajownik7o@digg.com,Cilimus Kulon,Indonesia,2026-03-06,checkout
Whittaker,Bodechon,wbodechon7p@tamu.edu,Cagbang,Philippines,2025-11-23,discount_signup
Anny,Routhorn,arouthorn7q@weather.com,Huangyang,China,2026-01-12,checkout
Jacinta,Vedeniktov,jvedeniktov7r@earthlink.net,Kabare,Indonesia,2025-05-22,checkout
Darla,Quinion,dquinion7s@i2i.jp,Sarirejo Satu,Indonesia,2025-05-16,discount_signup
Katrina,Hynam,khynam7t@ameblo.jp,Zalanga,Nigeria,2025-12-04,checkout
Charita,Bim,cbim7u@biblegateway.com,Makiwalo,Philippines,2026-01-10,checkout
Emory,Glasner,eglasner7v@nih.gov,Hoima,Uganda,2026-02-04,checkout
Zaria,Heibel,zheibel7w@163.com,Ponta Grossa,Brazil,2025-03-24,discount_signup
Mandel,Patrie,mpatrie7x@prlog.org,Havre-Saint-Pierre,Canada,2025-08-08,manual
Humberto,Boyton,hboyton7y@ft.com,Stockholm,Sweden,2026-02-20,checkout
Chryste,Basler,cbasler7z@techcrunch.com,Kalebun,Indonesia,2025-05-15,discount_signup
Kelli,Deamer,kdeamer80@gmpg.org,Cavan,Ireland,2025-03-28,
Tara,Wickliffe,twickliffe81@usnews.com,Grenoble,France,2025-09-16,checkout
Kissiah,Klessmann,kklessmann82@nifty.com,Tarnogskiy Gorodok,Russia,2026-02-26,manual
Cara,Germon,cgermon83@msn.com,Shancheng,China,2025-12-30,checkout
Kelcey,Bavidge,kbavidge84@miibeian.gov.cn,Best,Netherlands,2026-02-10,checkout
Brigid,Justun,bjustun85@go.com,Lyski,Poland,2025-11-18,checkout
Warren,Kingaby,wkingaby86@engadget.com,Vale da Serra,Portugal,2025-04-20,manual
Zuzana,Dilland,zdilland87@sciencedaily.com,Lampari,Philippines,2025-07-16,discount_signup
Fran,Rignall,frignall88@netlog.com,Qaşr al Farāfirah,Egypt,2025-08-14,checkout
Selma,Woolfitt,swoolfitt89@cmu.edu,Aix-en-Provence,France,2025-05-16,
Bettye,Samworth,bsamworth8a@cnbc.com,Bourg-en-Bresse,France,2026-02-08,checkout
Zarla,Copas,zcopas8b@loc.gov,Wanxian,China,2025-05-09,discount_signup
Syman,Enser,senser8c@people.com.cn,Lachowice,Poland,2026-02-04,discount_signup
Angelle,Picardo,apicardo8d@disqus.com,Reims,France,2025-04-19,discount_signup
Jed,Mabbett,jmabbett8e@upenn.edu,Illushi,Nigeria,2025-07-20,discount_signup
Ursuline,Plail,uplail8f@creativecommons.org,Ronfe,Portugal,2026-02-24,discount_signup
Dean,Furbank,dfurbank8g@google.ca,Maciejowice,Poland,2025-06-21,manual
Jen,Jeremiah,jjeremiah8h@cbsnews.com,Guadalupe Victoria,Mexico,2025-09-10,checkout
Lilah,Pavelka,lpavelka8i@mysql.com,Daliang,China,2025-03-24,manual
Vincent,Devers,vdevers8j@blogtalkradio.com,San Antonio,Mexico,2025-12-06,checkout
Northrop,Kelling,nkelling8k@auda.org.au,Cloyne,Ireland,2025-08-08,checkout
Lothario,Sommerled,lsommerled8l@microsoft.com,Yên Thành,Vietnam,2025-12-10,checkout
Kass,Bazoche,kbazoche8m@fastcompany.com,Novokizhinginsk,Russia,2025-07-12,checkout
Rhonda,Brickwood,rbrickwood8n@aol.com,Logovskoye,Russia,2026-01-01,checkout
Mollie,Liggons,mliggons8o@opensource.org,Soukkouma,Laos,2026-02-15,checkout
Lorrie,Amps,lamps8p@ihg.com,Sumberjati,Indonesia,2025-06-08,checkout
Binky,Jansson,bjansson8q@github.com,Ježdovec,Croatia,2025-09-11,discount_signup
Juliana,Brader,jbrader8r@bbc.co.uk,Mondokan,Indonesia,2026-01-15,discount_signup
Gabrielle,Sarfat,gsarfat8s@webnode.com,Daohe,China,2025-04-30,discount_signup
Petey,Lesly,plesly8t@shareasale.com,Corralito,Argentina,2025-08-07,checkout
Mindy,Elgy,melgy8u@vkontakte.ru,Huangcun,China,2025-11-19,checkout
Sascha,Rowlin,srowlin8v@dmoz.org,"Palmas De Gran Canaria, Las",Spain,2025-06-26,manual
Francesco,Harken,fharken8w@amazon.co.uk,Polo,Philippines,2025-11-19,discount_signup
Tera,Djurisic,tdjurisic8x@imgur.com,Al Majd,Palestinian Territory,2025-05-27,manual
Deena,Meins,dmeins8y@hud.gov,Iperó,Brazil,2025-07-13,manual
Sarette,Greenrod,sgreenrod8z@sitemeter.com,Januária,Brazil,2025-04-27,checkout
Ilario,Laurenzi,ilaurenzi90@ask.com,Wuppertal,Germany,2025-07-14,checkout
Bard,Jarrette,bjarrette91@mysql.com,Babao,China,2026-01-04,discount_signup
Jocko,Geddes,jgeddes92@flickr.com,Yatsuomachi-higashikumisaka,Japan,2025-11-24,checkout
Genovera,Dowling,gdowling93@google.es,Shimeitang,China,2026-02-17,manual
Peggy,Rief,prief94@purevolume.com,Labuhankananga,Indonesia,2025-07-08,discount_signup
Alexander,Stannering,astannering95@behance.net,Jenggawah,Indonesia,2025-05-31,checkout
Toby,Allcott,tallcott96@icq.com,Zdíkov,Czech Republic,2025-04-11,discount_signup
Erminia,Armer,earmer97@clickbank.net,Cantaura,Venezuela,2025-10-04,checkout
Malva,Antognelli,mantognelli98@fema.gov,Niulanshan,China,2025-10-31,discount_signup
Russell,Offener,roffener99@stanford.edu,Xinji,China,2025-05-11,checkout
Paloma,Curnnok,pcurnnok9a@mail.ru,Izlake,Slovenia,2025-11-06,discount_signup
Jarid,Treslove,jtreslove9b@foxnews.com,Kamyshevatskaya,Russia,2025-10-03,manual
Angie,Plank,aplank9c@technorati.com,Haiyan,China,2025-03-18,checkout
Vito,Townes,vtownes9d@ca.gov,Lyalichi,Russia,2025-08-24,checkout
Ethan,Anespie,eanespie9e@blogs.com,Ostrov,Russia,2025-08-01,manual
Flossy,Garden,fgarden9f@youtu.be,Colinas,Brazil,2025-05-26,discount_signup
Henry,Lambourn,hlambourn9g@blogtalkradio.com,Jiazhi,China,2025-10-19,checkout
Kimmi,Andresen,kandresen9h@google.fr,Linao,Philippines,2026-03-02,checkout
Deeann,Charke,dcharke9i@delicious.com,Jaguaribe,Brazil,2025-10-14,discount_signup
Tobey,Assante,tassante9j@weebly.com,Dahu,Indonesia,2025-07-29,discount_signup
Deane,Paty,dpaty9k@psu.edu,Dapitan,Philippines,2025-11-01,manual
Elnora,Benterman,ebenterman9l@china.com.cn,Alilem,Philippines,2026-02-01,manual
Anthia,Trahmel,atrahmel9m@fotki.com,Tengqiao,China,2025-06-11,discount_signup
Katerine,Drewry,kdrewry9n@ebay.com,Ostrowsko,Poland,2025-10-15,checkout
Valida,Mullin,vmullin9o@qq.com,Zhendong,China,2026-01-20,manual
Anya,Colebeck,acolebeck9p@virginia.edu,Ta Phraya,Thailand,2025-06-18,checkout
Judd,Markussen,jmarkussen9q@home.pl,Badai,China,2025-07-15,checkout
Belle,Parkinson,bparkinson9r@rambler.ru,Zaria,Nigeria,2025-10-24,checkout
Dieter,Radborne,dradborne9s@imgur.com,Mayahi,Niger,2025-05-31,manual
James,Hicklingbottom,jhicklingbottom9t@usda.gov,Madrid,Spain,2026-03-05,discount_signup
Ammamaria,Stockwell,astockwell9u@zimbio.com,Diriamba,Nicaragua,2026-02-10,checkout
Jaimie,Griffiths,jgriffiths9v@cyberchimps.com,Zengtian,China,2025-10-14,manual
Darsie,Sopper,dsopper9w@tinypic.com,Kostakioí,Greece,2025-11-27,discount_signup
Serene,Paler,spaler9x@harvard.edu,Eira da Pedra,Portugal,2026-02-02,checkout
Ingram,Kloska,ikloska9y@chicagotribune.com,San Antonio,Philippines,2026-02-15,checkout
Marni,Van Oort,mvanoort9z@amazon.co.jp,Hot,Albania,2025-12-17,checkout
Cassaundra,Micklewright,cmicklewrighta0@pinterest.com,Bessonovka,Russia,2026-01-27,discount_signup
Vikky,Rutland,vrutlanda1@flickr.com,Sambongmulyo,Indonesia,2025-11-02,checkout
Robenia,Lindroos,rlindroosa2@sogou.com,Ágios Matthaíos,Greece,2025-06-16,manual
Jory,Irnys,jirnysa3@storify.com,Vavozh,Russia,2025-11-17,discount_signup
Joshia,Trembath,jtrembatha4@blinklist.com,Aix-en-Provence,France,2025-09-22,checkout
Ashlen,Fairchild,afairchilda5@state.gov,Paradise,Trinidad and Tobago,2025-10-03,manual
Saleem,Ormiston,sormistona6@unc.edu,Caringin,Indonesia,2025-10-07,checkout
Erinn,Treace,etreacea7@google.co.jp,Shixiang,China,2025-12-29,checkout
Clive,Odlin,codlina8@irs.gov,Sasolburg,South Africa,2025-03-13,
Edy,Sime,esimea9@gov.uk,Rosice,Czech Republic,2026-01-13,discount_signup
Aaron,Cordero,acorderoaa@blogger.com,Wanmao,China,2025-06-03,checkout
Valenka,Roglieri,vroglieriab@eventbrite.com,Jieshou,China,2026-02-18,discount_signup
Tomasina,Fadian,tfadianac@oakley.com,Nzega,Rwanda,2025-03-19,discount_signup
Rutter,Ferier,rferierad@samsung.com,Thetford-Mines,Canada,2025-12-31,
Redford,Wherry,rwherryae@squidoo.com,Popovi,Bosnia and Herzegovina,2025-07-30,manual
Valeda,Peddersen,vpeddersenaf@tuttocitta.it,Tacoma,United States,2025-06-23,checkout
Linnie,Heyfield,lheyfieldag@mapy.cz,Candelária,Portugal,2025-06-15,checkout
Berky,Surmeir,bsurmeirah@usatoday.com,Feuknoni,Indonesia,2026-02-08,discount_signup
Terrell,Cattach,tcattachai@apple.com,Beigang,China,2025-06-17,checkout
Maud,Dupoy,mdupoyaj@istockphoto.com,Skoghall,Sweden,2026-02-08,checkout
Clarke,Maddock,cmaddockak@google.co.jp,Piribebuy,Paraguay,2025-07-08,manual
Lindy,Brasher,lbrasheral@nytimes.com,Obonoma,Nigeria,2026-01-11,discount_signup
Lucilia,Knowller,lknowlleram@4shared.com,Nangewer,Indonesia,2026-01-07,discount_signup
Ruy,Adey,radeyan@youtube.com,Villa Alemana,Chile,2025-12-02,discount_signup
Kristan,Cow,kcowao@msu.edu,Tolomango,Indonesia,2025-12-26,checkout
Gordie,Bailess,gbailessap@cornell.edu,Tolkmicko,Poland,2025-05-27,checkout
April,Brayn,abraynaq@homestead.com,Qarqīn,Afghanistan,2025-10-27,manual
Gordan,Bycraft,gbycraftar@jalbum.net,Rokitno Szlacheckie,Poland,2026-01-26,checkout
Stern,Anshell,sanshellas@telegraph.co.uk,Rawa,China,2025-11-23,manual
Bobbette,Lorenz,blorenzat@sun.com,Raheny,Ireland,2025-12-15,checkout
Tanya,Yakunchikov,tyakunchikovau@sourceforge.net,Knysna,South Africa,2025-05-29,checkout
Thorsten,Watkiss,twatkissav@shareasale.com,Guantang,China,2025-09-29,discount_signup
Kirbee,Aaronsohn,kaaronsohnaw@spiegel.de,Zaandam,Netherlands,2025-12-21,checkout
Peterus,Akester,pakesterax@un.org,Ylitornio,Finland,2025-09-12,checkout
Harman,Elwyn,helwynay@ebay.co.uk,Kelodan,Indonesia,2025-10-06,checkout
Kiley,Cargo,kcargoaz@tripadvisor.com,Wongsorejo,Indonesia,2025-10-07,discount_signup
Bekki,Castenda,bcastendab0@123-reg.co.uk,Marcos,Philippines,2025-07-29,discount_signup
Clerissa,Tooker,ctookerb1@geocities.jp,Chengxi,China,2025-04-10,discount_signup
Stearn,MacCrossan,smaccrossanb2@youtube.com,Atabayan,Philippines,2025-10-23,checkout
Marnie,Dradey,mdradeyb3@behance.net,Prince Albert,South Africa,2025-04-14,checkout
Mord,Vale,mvaleb4@themeforest.net,Venda do Valador,Portugal,2025-11-13,discount_signup
Tiffie,De Maine,tdemaineb5@theglobeandmail.com,Sibulan,Philippines,2025-12-05,checkout
Waiter,Calvie,wcalvieb6@yale.edu,Korenovsk,Russia,2025-08-10,discount_signup
Dorice,Rivitt,drivittb7@bizjournals.com,Tumbi,Tanzania,2025-11-12,discount_signup
Patric,Kinneir,pkinneirb8@t.co,Tando Muhammad Khān,Pakistan,2026-03-07,manual
Abe,Kissick,akissickb9@ft.com,Kauswagan,Philippines,2025-10-29,manual
Orrin,Rabbe,orabbeba@stumbleupon.com,Sungai Raya,Indonesia,2026-01-01,discount_signup
Ashlin,Mattholie,amattholiebb@nih.gov,Amman,Jordan,2025-06-24,checkout
Nanci,Sawers,nsawersbc@amazonaws.com,Chuntai,China,2025-12-05,discount_signup
Terrie,Simao,tsimaobd@constantcontact.com,Przemęt,Poland,2025-07-15,checkout
Dino,Nanson,dnansonbe@so-net.ne.jp,Krychaw,Belarus,2026-01-19,checkout
Corabella,Trevear,ctrevearbf@mayoclinic.com,Aristóbulo del Valle,Argentina,2025-08-13,checkout
Jewelle,O'Hare,joharebg@tinyurl.com,Liangchahe,China,2025-06-19,manual
Olive,Roycroft,oroycroftbh@timesonline.co.uk,Jabłonica Polska,Poland,2025-08-24,checkout
Corbie,Orchart,corchartbi@lulu.com,Hacıhüseynli,Azerbaijan,2025-06-17,checkout
Cordula,Bleier,cbleierbj@blogspot.com,Kallíthiron,Greece,2025-05-25,checkout
Bridget,Meugens,bmeugensbk@reuters.com,Puerto Obaldía,Panama,2025-09-30,discount_signup
Diane,Mattek,dmattekbl@plala.or.jp,Osa,Russia,2025-08-03,checkout
Zorana,Haglinton,zhaglintonbm@soundcloud.com,Limulan,Philippines,2025-12-14,checkout
Rey,Coomber,rcoomberbn@senate.gov,Likwatang Timur,Indonesia,2025-10-15,checkout
Tiffy,Mitskevich,tmitskevichbo@eventbrite.com,Fiais da Beira,Portugal,2025-11-11,checkout
Liv,Peachment,lpeachmentbp@wunderground.com,Sơn Hà,Vietnam,2025-10-23,discount_signup
Mellie,Conwell,mconwellbq@facebook.com,Enhtal,Mongolia,2025-06-03,discount_signup
Wini,Medendorp,wmedendorpbr@eventbrite.com,Praingkareha,Indonesia,2025-07-13,discount_signup
Dewain,Lynn,dlynnbs@tinyurl.com,Kaiyuan,China,2026-01-01,checkout
Kiri,Motton,kmottonbt@usatoday.com,Bucay,Philippines,2025-10-07,discount_signup
Georges,Cardiff,gcardiffbu@boston.com,Yangjiapo,China,2025-03-25,checkout
Mill,Ducarel,mducarelbv@harvard.edu,Pop Shahri,Uzbekistan,2026-02-24,checkout
Nananne,Johnigan,njohniganbw@artisteer.com,Koz’modem’yansk,Russia,2026-02-25,checkout
Alfredo,Selwin,aselwinbx@ow.ly,Kamiiso,Japan,2025-04-20,discount_signup
Lonna,Polding,lpoldingby@vimeo.com,Arhust,Mongolia,2025-10-26,checkout
Aimil,Nabarro,anabarrobz@sourceforge.net,Chunmuying,China,2026-02-08,checkout
Linda,Alexsandrev,lalexsandrevc0@smh.com.au,Sierpc,Poland,2025-10-02,discount_signup
Richmound,Blennerhassett,rblennerhassettc1@netlog.com,Pilot Butte,Canada,2026-01-06,
Joscelin,Ginity,jginityc2@mail.ru,Klippan,Sweden,2026-02-05,discount_signup
Vernice,Simonsson,vsimonssonc3@addtoany.com,Gorgān,Iran,2025-03-19,checkout
Tabbi,Swainsbury,tswainsburyc4@spotify.com,Tangjiawan,China,2025-03-29,discount_signup
Marti,Cutsforth,mcutsforthc5@chronoengine.com,Vĩnh Thuận,Vietnam,2025-06-27,checkout
Mickie,O'Ferris,moferrisc6@clickbank.net,Eskilstuna,Sweden,2026-02-10,checkout
Em,Dear,edearc7@hao123.com,Lavia,Finland,2025-09-02,checkout
Florentia,MacKean,fmackeanc8@indiatimes.com,Godziszów Pierwszy,Poland,2025-12-02,discount_signup
Huberto,McFetridge,hmcfetridgec9@usda.gov,Guayaybi,Paraguay,2025-04-30,checkout
Helaina,Penhallurick,hpenhallurickca@shutterfly.com,Kiarajangkung,Indonesia,2025-09-15,discount_signup
Gratiana,Tumilty,gtumiltycb@is.gd,Akhtarīn,Syria,2026-01-05,checkout
Guillemette,Pergens,gpergenscc@wikispaces.com,Firovo,Russia,2025-10-17,discount_signup
Melodee,Cocci,mcoccicd@taobao.com,Pohrebyshche,Ukraine,2025-08-29,manual
Meredithe,Cowl,mcowlce@washingtonpost.com,Anjie,China,2025-06-22,checkout
Otto,Blofeld,oblofeldcf@cbc.ca,Fortios,Portugal,2025-12-25,checkout
Lesli,Le feaver,llefeavercg@aol.com,Krasnodar,Russia,2025-08-14,discount_signup
Liz,Flindall,lflindallch@ustream.tv,Randuagung,Indonesia,2025-09-11,checkout
Fallon,Placido,fplacidoci@drupal.org,Werasari,Indonesia,2025-10-28,checkout
Aile,Rothert,arothertcj@1und1.de,Langqi,China,2025-10-25,manual
Rosemaria,Maisey,rmaiseyck@ihg.com,Tebanah,Indonesia,2025-05-13,manual
Carolyne,Trett,ctrettcl@toplist.cz,Jadów,Poland,2026-03-10,discount_signup
Port,Bartalini,pbartalinicm@amazon.co.jp,Ngadipuro,Indonesia,2025-09-04,checkout
Bertram,Preator,bpreatorcn@samsung.com,Chengxiang,China,2025-05-08,checkout
Shayne,Pettus,spettusco@last.fm,Lutoryż,Poland,2025-06-12,checkout
Luciano,Kovnot,lkovnotcp@yelp.com,Sutukoba,Gambia,2026-02-26,discount_signup
Meryl,Libero,mliberocq@webmd.com,Niu,China,2026-01-12,discount_signup
Alfreda,Robjohns,arobjohnscr@odnoklassniki.ru,Dame-Marie,Haiti,2025-09-26,
Kayle,D'Hooghe,kdhooghecs@over-blog.com,Futaleufú,Chile,2025-06-28,checkout
Olivia,Whetnell,owhetnellct@zdnet.com,Pawing,Philippines,2025-10-31,manual
Con,Copping,ccoppingcu@upenn.edu,Voyinka,Ukraine,2026-02-12,
Emmott,Eldon,eeldoncv@clickbank.net,Mariatana,Peru,2025-03-18,manual
Gusti,Sarge,gsargecw@hubpages.com,Örebro,Sweden,2025-06-16,
El,Lundon,elundoncx@unblog.fr,Nantes,France,2026-01-05,checkout
Filide,Pitway,fpitwaycy@yelp.com,Itambé,Brazil,2026-03-05,checkout
Gerry,Petrollo,gpetrollocz@comsenz.com,Ḏânan,Djibouti,2025-05-30,discount_signup
Urban,Harwood,uharwoodd0@histats.com,Aimorés,Brazil,2025-04-27,manual
Josey,Peasegood,jpeasegoodd1@rambler.ru,Chetian,China,2025-10-16,manual
Joachim,Leckie,jleckied2@reddit.com,Yangdian,China,2025-09-17,discount_signup
Buddy,Gower,bgowerd3@google.co.jp,Huangcaotuo,China,2025-07-11,manual
Roberto,Thorbon,rthorbond4@toplist.cz,Molteno,South Africa,2025-03-12,checkout
Peg,Checchetelli,pchecchetellid5@storify.com,Beddeng,Philippines,2025-07-30,checkout
Wain,McNamara,wmcnamarad6@europa.eu,Urengoy,Russia,2025-05-12,manual
Bunnie,Windle,bwindled7@posterous.com,San Juan,Peru,2026-03-08,checkout
Clark,Baynton,cbayntond8@utexas.edu,Comalapa,Nicaragua,2025-11-01,manual
Beatrix,Redihough,bredihoughd9@mediafire.com,Grande Rivière Noire,Mauritius,2025-07-22,discount_signup
Hunt,Daintier,hdaintierda@usgs.gov,Zharrëz,Albania,2025-04-13,discount_signup
Kay,Morriarty,kmorriartydb@etsy.com,Madingou,Republic of the Congo,2025-11-22,discount_signup
Conny,Hooban,choobandc@a8.net,Shupenzë,Albania,2025-12-16,checkout
Mercy,Itzkov,mitzkovdd@de.vu,Mehmand Chak,Pakistan,2026-01-23,discount_signup
Cullin,Duval,cduvalde@miibeian.gov.cn,Duang,Indonesia,2025-09-02,discount_signup
Kellsie,Greensall,kgreensalldf@telegraph.co.uk,Donghai,China,2025-11-28,checkout
Carlo,Schimpke,cschimpkedg@usnews.com,Guyam Malaki,Philippines,2025-07-26,manual
Lila,Mynott,lmynottdh@plala.or.jp,Gandiaye,Senegal,2025-12-14,discount_signup
Iosep,Coneau,iconeaudi@instagram.com,Hubei,China,2025-03-17,checkout
Chandler,Westpfel,cwestpfeldj@google.fr,Legionowo,Poland,2025-04-21,checkout
Aura,Barnewelle,abarnewelledk@amazon.co.uk,Mananara,Madagascar,2025-12-04,checkout
Gillan,MacMeanma,gmacmeanmadl@icio.us,Solnechnyy,Russia,2025-07-30,checkout
Clement,Smickle,csmickledm@geocities.com,Kalmunai,Sri Lanka,2026-02-21,manual
Pavla,Goodie,pgoodiedn@stanford.edu,Vila Nova,Portugal,2025-04-02,checkout
Geordie,Maffulli,gmaffullido@parallels.com,Petauke,Zambia,2025-04-24,discount_signup
Bert,Grimsdith,bgrimsdithdp@bandcamp.com,Tinaco,Venezuela,2025-05-01,discount_signup
Samuele,Cavilla,scavilladq@arstechnica.com,Pontes,Portugal,2025-06-02,checkout
Chloe,D'Emanuele,cdemanueledr@paginegialle.it,Mudon,Myanmar,2026-01-09,checkout
Gannon,Hilley,ghilleyds@squidoo.com,Besançon,France,2025-05-20,checkout
Moise,Downham,mdownhamdt@webnode.com,Phayao,Thailand,2025-10-08,manual
Georgiana,Beeston,gbeestondu@sfgate.com,Sandviken,Sweden,2025-11-28,checkout
Carver,Konzel,ckonzeldv@webmd.com,Sebedo,Indonesia,2025-08-16,discount_signup
Sunny,Craft,scraftdw@bravesites.com,Zhaigang,China,2026-01-24,discount_signup
Veda,Winterbotham,vwinterbothamdx@spiegel.de,Jiangcun,China,2025-08-15,discount_signup
Christian,Bruniges,cbrunigesdy@redcross.org,Sterling,United States,2026-02-16,manual
Tiffanie,Andreotti,tandreottidz@cbslocal.com,Catbalogan,Philippines,2025-12-16,checkout
Gwynne,Byrde,gbyrdee0@go.com,Malanje,Angola,2025-05-10,checkout
Francyne,Dive,fdivee1@geocities.jp,Shaft,Iran,2025-03-16,checkout
Zackariah,O'Concannon,zoconcannone2@booking.com,Västra Frölunda,Sweden,2025-08-20,manual
Kelley,Parvin,kparvine3@bravesites.com,Carangola,Brazil,2025-12-07,checkout
Karalee,Klemensiewicz,kklemensiewicze4@yellowpages.com,Galatás,Greece,2025-04-08,discount_signup
Druci,Jellard,djellarde5@cbslocal.com,San Antonio,Peru,2025-10-27,checkout
Crawford,Gascoine,cgascoinee6@comcast.net,Sindangsari,Indonesia,2025-12-29,checkout
Pris,Boliver,pbolivere7@cbsnews.com,Charxin,Uzbekistan,2026-01-27,manual
Nancy,Showering,nshoweringe8@reverbnation.com,Kizilyurt,Russia,2025-09-26,checkout
Justis,Kempe,jkempee9@oakley.com,Shuren,China,2026-01-09,discount_signup
Thornie,Petlyura,tpetlyuraea@surveymonkey.com,Gniezno,Poland,2025-07-08,checkout
Magdalen,Reddlesden,mreddlesdeneb@marketwatch.com,Starotitarovskaya,Russia,2025-07-04,
Abagael,Tippler,atipplerec@paypal.com,Bagrāmī,Afghanistan,2025-11-11,
Kirby,Tillot,ktilloted@dedecms.com,Loučeň,Czech Republic,2025-10-04,discount_signup
Diego,Covotto,dcovottoee@qq.com,Rauna,Latvia,2025-03-30,checkout
Paquito,Smee,psmeeef@imgur.com,Svecha,Russia,2025-04-01,discount_signup
Catlaina,Metherell,cmetherelleg@arstechnica.com,Trail,Canada,2025-10-21,checkout
Sela,Jiricka,sjirickaeh@google.com,Alofi,Niue,2025-07-02,checkout
Ward,Croyser,wcroyserei@fastcompany.com,Kharagauli,Georgia,2025-04-24,checkout
Ardene,Charrette,acharretteej@accuweather.com,Guilherand-Granges,France,2025-04-21,discount_signup
Iggie,Fear,ifearek@ustream.tv,Sentieiras,Portugal,2026-02-04,checkout
Boyce,Grayne,bgrayneel@deliciousdays.com,Pondokwungu,Indonesia,2025-12-09,checkout
Gerrie,Dooher,gdooherem@prnewswire.com,Marietta,United States,2025-03-31,discount_signup
Tait,Burnel,tburnelen@parallels.com,Cerro,Cuba,2025-10-17,discount_signup
Dorrie,Hawke,dhawkeeo@amazon.com,Wasquehal,France,2025-11-16,discount_signup
Torrence,Dickens,tdickensep@posterous.com,Serhetabat,Turkmenistan,2025-12-29,checkout
Saree,Swayte,sswayteeq@github.io,Pasirhuni,Indonesia,2025-04-14,discount_signup
Urbano,Girkins,ugirkinser@wsj.com,Peñal,Trinidad and Tobago,2025-08-09,checkout
Nolan,Sturley,nsturleyes@privacy.gov.au,Zaoshi,China,2025-12-28,checkout
Nahum,Craisford,ncraisfordet@nasa.gov,Rivadavia,Argentina,2025-08-25,checkout
Noah,Mayou,nmayoueu@goo.ne.jp,Jiujiang,China,2025-05-27,checkout
Maren,Lettson,mlettsonev@ebay.co.uk,San Nicolas,Philippines,2025-12-08,discount_signup
Giorgia,Eade,geadeew@1und1.de,Cill Airne,Ireland,2025-03-24,discount_signup
Hazlett,Kintish,hkintishex@tmall.com,Gualmatán,Colombia,2026-01-16,discount_signup
Reeva,Stovine,rstovineey@sphinn.com,Huangwan,China,2025-07-26,manual
Krispin,Martel,kmartelez@edublogs.org,Paloh,Indonesia,2025-07-13,discount_signup
Daffi,Kilfoyle,dkilfoylef0@dyndns.org,Sacramento,Brazil,2025-09-30,discount_signup
Danyette,Hassin,dhassinf1@harvard.edu,Pagersari,Indonesia,2026-02-03,discount_signup
Kaylee,Veart,kveartf2@ed.gov,Altos,Brazil,2026-02-13,checkout
Hoyt,Giller,hgillerf3@noaa.gov,Dasuk,Indonesia,2025-06-26,discount_signup
Ab,Bickle,abicklef4@shinystat.com,Orvault,France,2025-09-02,checkout
Leisha,Milnthorpe,lmilnthorpef5@sohu.com,Jagistay,China,2026-01-27,discount_signup
Burnard,Assante,bassantef6@unblog.fr,Palmas,Brazil,2025-11-10,checkout
Marie,Lintall,mlintallf7@chicagotribune.com,Xilai,China,2025-11-18,manual
Jerrilyn,Strevens,jstrevensf8@uol.com.br,Saint-Quentin-Fallavier,France,2025-06-13,checkout
Joachim,Clarkin,jclarkinf9@livejournal.com,Bouzov,Czech Republic,2025-04-26,checkout
Osbert,Spurett,ospurettfa@scribd.com,Neni,Nigeria,2025-12-25,discount_signup
Yorgos,Petrillo,ypetrillofb@ed.gov,Kawayan,Philippines,2025-10-04,checkout
Laurette,Ashford,lashfordfc@godaddy.com,Kizel,Russia,2025-07-03,checkout
Odele,Yateman,oyatemanfd@wufoo.com,Ullubiyaul,Russia,2026-01-05,checkout
Lian,Chetwind,lchetwindfe@ed.gov,Ostroróg,Poland,2025-07-04,checkout
Ilise,Edlestone,iedlestoneff@adobe.com,Stepnogorsk,Kazakhstan,2025-09-05,checkout
Jacinta,Bendle,jbendlefg@geocities.jp,Youzha,China,2025-10-28,checkout
Matthias,Loseby,mlosebyfh@godaddy.com,Marogong,Philippines,2026-02-27,manual
Michal,Gunn,mgunnfi@samsung.com,Ndibène Dahra,Senegal,2025-04-02,checkout
Abie,Larter,alarterfj@google.cn,Gumdag,Turkmenistan,2025-06-24,discount_signup
Klarrisa,Gaffney,kgaffneyfk@smugmug.com,Baracatan,Philippines,2025-11-07,manual
Humfried,Ferry,hferryfl@nba.com,Dajin,China,2025-08-14,discount_signup
Alf,Hanrahan,ahanrahanfm@github.com,Kyzyl,Russia,2026-02-08,discount_signup
Wiatt,Probet,wprobetfn@domainmarket.com,Dubreuil,Mauritius,2025-09-16,discount_signup
Muhammad,Milsom,mmilsomfo@nsw.gov.au,Mérignac,France,2025-07-20,discount_signup
Henri,Gladtbach,hgladtbachfp@wiley.com,Volgograd,Russia,2026-02-28,discount_signup
Belita,Vasyagin,bvasyaginfq@vinaora.com,Amsterdam-Oost,Netherlands,2025-09-12,checkout
Gertrudis,Duthy,gduthyfr@wikia.com,Medvedok,Russia,2025-07-13,checkout
Marci,Pilsworth,mpilsworthfs@phoca.cz,Letsheng,Botswana,2025-11-14,discount_signup
Nancie,Farr,nfarrft@narod.ru,Pappádos,Greece,2025-12-15,checkout
Alexi,McFadin,amcfadinfu@theatlantic.com,Cabiguan,Philippines,2025-11-25,discount_signup
Maribel,Barras,mbarrasfv@sun.com,Fanrong,China,2025-10-12,discount_signup
Bevin,Vedeneev,bvedeneevfw@illinois.edu,Prainha de Baixo,Portugal,2026-01-12,checkout
Sanderson,Drover,sdroverfx@meetup.com,Port Washington,United States,2025-08-11,discount_signup
Pearline,Marklew,pmarklewfy@comsenz.com,Đưc Trọng,Vietnam,2026-01-29,discount_signup
Husein,Mangeney,hmangeneyfz@wikipedia.org,Lensk,Russia,2026-01-31,discount_signup
Angel,Ritchings,aritchingsg0@webs.com,Dubti,Ethiopia,2025-08-30,checkout
Roley,Parfett,rparfettg1@tinyurl.com,Edissiya,Russia,2025-12-14,checkout
Juline,Yurocjkin,jyurocjking2@shareasale.com,Yelenendorf,Azerbaijan,2025-09-04,checkout
Webster,Edlin,wedling3@bluehost.com,Ostružnica,Serbia,2025-05-22,checkout
Leoline,Swetmore,lswetmoreg4@census.gov,Makiyivka,Ukraine,2025-05-27,manual
Jackelyn,Parnby,jparnbyg5@tamu.edu,Les Abymes,Guadeloupe,2025-10-07,discount_signup
Hermine,Lesly,hleslyg6@icq.com,Abiko,Japan,2025-12-08,checkout
Madelena,Tokley,mtokleyg7@cornell.edu,Fubei,China,2025-07-22,checkout
Leanna,Gocke,lgockeg8@tuttocitta.it,Aqsay,Kazakhstan,2025-03-18,discount_signup
Andreana,Prine,aprineg9@rakuten.co.jp,Lokossa,Benin,2026-01-09,discount_signup
Evonne,Plaskett,eplaskettga@imgur.com,Qujiang,China,2025-06-15,checkout
Spencer,Inmett,sinmettgb@digg.com,Siedlce,Poland,2025-08-09,manual
Carlos,Clarey,cclareygc@chicagotribune.com,Baimi,China,2025-04-13,manual
Paige,Salvidge,psalvidgegd@mlb.com,Všenory,Czech Republic,2026-01-11,discount_signup
Gwennie,Jendrusch,gjendruschge@nbcnews.com,Caburan,Philippines,2025-06-13,checkout
Jacquelynn,Paiton,jpaitongf@home.pl,Dolice,Poland,2025-06-06,checkout
Greg,Amaya,gamayagg@miibeian.gov.cn,Tønsberg,Norway,2026-03-01,manual
Ewen,Garmanson,egarmansongh@moonfruit.com,Xindi,China,2026-02-25,discount_signup
Curry,Klimaszewski,cklimaszewskigi@gmpg.org,Cinyumput,Indonesia,2026-01-09,checkout
Desirae,Pontain,dpontaingj@kickstarter.com,Unaizah,Saudi Arabia,2025-06-24,checkout
Astra,Beernaert,abeernaertgk@gravatar.com,Bauru,Brazil,2025-03-24,checkout
Brandise,Ollie,bolliegl@tamu.edu,Fuyu,China,2025-04-08,
Perrine,Gyrgorwicx,pgyrgorwicxgm@livejournal.com,Nglorogan,Indonesia,2025-09-02,manual
Budd,Berendsen,bberendsengn@usda.gov,Nkoteng,Cameroon,2025-08-26,checkout
Melina,McGarrell,mmcgarrellgo@cnbc.com,Nyaungdon,Myanmar,2025-11-27,manual
Silas,Kinloch,skinlochgp@microsoft.com,Bantarmangu,Indonesia,2025-08-07,checkout
Seline,Tejada,stejadagq@ox.ac.uk,Oetutulul,Indonesia,2025-10-16,checkout
Bessy,Latchford,blatchfordgr@feedburner.com,Miskindzha,Russia,2025-07-31,discount_signup
Pauletta,Gorghetto,pgorghettogs@blogger.com,Goranboy,Azerbaijan,2025-09-07,checkout
Jeffie,Gribbins,jgribbinsgt@diigo.com,Issad,Russia,2025-12-08,manual
Robert,Drife,rdrifegu@fda.gov,La Estancia,Honduras,2025-12-30,checkout
Genia,Vasyukov,gvasyukovgv@addthis.com,Khadzhalmakhi,Russia,2025-06-08,discount_signup
Maudie,Agastina,magastinagw@google.pl,Terrugem,Portugal,2026-03-10,manual
Benedetta,Velte,bveltegx@cyberchimps.com,São Cristóvão,Brazil,2025-06-24,manual
Elyssa,Landis,elandisgy@seattletimes.com,Boa Esperança,Brazil,2025-12-17,checkout
Sonni,Postins,spostinsgz@fastcompany.com,Era,Indonesia,2026-01-20,checkout
Kelila,Pozer,kpozerh0@godaddy.com,Cachoeirinha,Brazil,2025-06-02,discount_signup
Juan,Kunkel,jkunkelh1@surveymonkey.com,Senahú,Guatemala,2025-04-23,discount_signup
Zelda,O'Gready,zogreadyh2@auda.org.au,Neryungri,Russia,2026-03-09,checkout
Sheena,Troillet,stroilleth3@aboutads.info,Isahaya,Japan,2026-03-05,checkout
Ram,Boulter,rboulterh4@sogou.com,Groblersdal,South Africa,2025-06-18,checkout
Tessie,Zotto,tzottoh5@marriott.com,Champigny-sur-Marne,France,2025-04-22,checkout
Reggis,Januszkiewicz,rjanuszkiewiczh6@addthis.com,Panitan,Philippines,2026-03-10,checkout
Atalanta,Justis,ajustish7@amazonaws.com,Okhansk,Russia,2025-04-26,discount_signup
Sheba,Yakolev,syakolevh8@cbc.ca,Oni,Indonesia,2026-01-03,checkout
Cilka,Cawthra,ccawthrah9@ustream.tv,Ntoke,Indonesia,2025-10-22,discount_signup
Noak,Pencot,npencotha@bloglines.com,Verkhozim,Russia,2025-03-27,checkout
Bertie,Lazenby,blazenbyhb@census.gov,Hamburg Sankt Pauli,Germany,2025-07-01,discount_signup
Rice,Sebire,rsebirehc@edublogs.org,Maquiapo,Philippines,2025-10-21,checkout
Abbye,Sapsforde,asapsfordehd@aol.com,Xinhui,China,2026-02-04,
Madonna,Drache,mdrachehe@parallels.com,Malamig,Philippines,2025-11-22,checkout
Yolanthe,Everton,yevertonhf@photobucket.com,Almelo,Netherlands,2025-07-30,checkout
Coral,Bauchop,cbauchophg@artisteer.com,Mumen,China,2025-09-24,checkout
Ezra,Peres,epereshh@liveinternet.ru,Washington,United States,2025-06-30,checkout
Blair,Burhouse,bburhousehi@japanpost.jp,Xianxi,China,2025-06-23,manual
Arlina,Peet,apeethj@i2i.jp,Markušica,Croatia,2025-05-19,checkout
Adoree,Enriques,aenriqueshk@foxnews.com,Alvalade,Portugal,2025-06-18,manual
Nana,Pedersen,npedersenhl@prnewswire.com,Mirny,Russia,2026-01-11,checkout
Veradis,Pershouse,vpershousehm@elegantthemes.com,Xiongji,China,2025-09-11,discount_signup
Bron,Pummery,bpummeryhn@tmall.com,Kuching,Malaysia,2025-12-17,checkout
Hetti,Deekes,hdeekesho@mapquest.com,Daqin Tal,China,2025-06-20,checkout
Alverta,Le Fleming,alefleminghp@pen.io,Sobral da Adiça,Portugal,2026-02-25,checkout
Humfried,Loughlin,hloughlinhq@google.es,Santa Apolonia,Guatemala,2025-04-09,discount_signup
Letisha,Tokley,ltokleyhr@hexun.com,Duisburg,Germany,2025-05-28,discount_signup
Renell,Mowen,rmowenhs@t-online.de,Doubrava,Czech Republic,2025-06-16,checkout
Tresa,Dennitts,tdennittsht@cdc.gov,Abay,Kazakhstan,2025-10-18,checkout
Goldia,Cremen,gcremenhu@exblog.jp,Zhuge,China,2025-06-22,manual
Hayes,Podmore,hpodmorehv@hexun.com,Sykiés,Greece,2025-04-08,discount_signup
Claire,Klimt,cklimthw@dailymotion.com,Juan N Alvarez,Mexico,2026-03-02,checkout
Sauveur,Lambden,slambdenhx@seesaa.net,Kadoma,Japan,2026-02-17,
Paulette,Rapport,prapporthy@discovery.com,Jardim da Serra,Portugal,2025-06-30,checkout
Elsworth,Ritch,eritchhz@forbes.com,Al Ḩāmūl,Egypt,2025-06-07,discount_signup
Lottie,Wink,lwinki0@answers.com,Tanarara,Indonesia,2025-09-30,checkout
Teodoor,Wintringham,twintringhami1@elpais.com,Banana Village,Kiribati,2025-07-12,checkout
Orelia,Stothard,ostothardi2@rakuten.co.jp,Kamenka,Russia,2025-04-25,checkout
Agosto,Cant,acanti3@webs.com,Calheta de Nesquim,Portugal,2025-07-21,checkout
Hannah,Ickovici,hickovicii4@bbb.org,Caramay,Philippines,2025-10-12,discount_signup
Charyl,Goldby,cgoldbyi5@angelfire.com,Daqian,China,2025-03-20,checkout
Hyman,Guilliland,hguillilandi6@list-manage.com,Bridgetown,Barbados,2025-09-21,checkout
Laurette,Bazeley,lbazeleyi7@businesswire.com,Arsenal,Mauritius,2025-06-05,checkout
Genna,Blackston,gblackstoni8@nhs.uk,Nandayure,Costa Rica,2026-02-25,discount_signup
Hanni,Wesker,hweskeri9@accuweather.com,Permas,Indonesia,2025-08-19,discount_signup
Hayward,MacAllester,hmacallesteria@uol.com.br,Saint John’s,Antigua and Barbuda,2025-04-24,checkout
Allis,Castanho,acastanhoib@newyorker.com,Dolní Čermná,Czech Republic,2025-09-18,checkout
Arda,Faudrie,afaudrieic@acquirethisname.com,Thới Bình,Vietnam,2025-10-20,discount_signup
Gene,Percifer,gperciferid@dot.gov,Feyẕābād,Iran,2025-09-15,
Mikey,Penson,mpensonie@cisco.com,Xinji,China,2025-04-26,checkout
Stephine,Piercy,spiercyif@msn.com,Padhahegha,Indonesia,2025-03-19,discount_signup
Byran,Hember,bhemberig@sitemeter.com,Simod,Philippines,2025-10-26,manual
Neala,Corcut,ncorcutih@dailymail.co.uk,Caigongzhuang,China,2025-12-09,discount_signup
Erick,Sizey,esizeyii@earthlink.net,Bergen,Norway,2025-10-25,discount_signup
Ginelle,Vany,gvanyij@flickr.com,Saint-Augustin,Canada,2025-07-27,checkout
Jobyna,Rucklesse,jrucklesseik@princeton.edu,Koblain,Indonesia,2025-05-03,checkout
Cherri,Yanyshev,cyanyshevil@netscape.com,Siva,Russia,2025-12-08,checkout
Raphael,Swallwell,rswallwellim@sbwire.com,Monastir,Tunisia,2025-04-22,checkout
Jillian,Hirsch,jhirschin@imgur.com,Saint Petersburg,Russia,2025-08-04,checkout
Addy,Brosetti,abrosettiio@newyorker.com,Pasirjaya,Indonesia,2026-01-16,discount_signup
Andrus,Brandt,abrandtip@google.com,Baoshan,China,2026-02-25,checkout
Eliot,Cruddas,ecruddasiq@chron.com,Hà Tiên,Vietnam,2025-12-03,discount_signup
Dulcy,Lisciandro,dlisciandroir@boston.com,Karmai,China,2025-08-16,checkout
Fernande,Rubi,frubiis@creativecommons.org,Jishui,China,2025-09-13,manual
Ethelyn,Manus,emanusit@over-blog.com,Qishui,China,2025-05-16,checkout
Yorgo,Catherine,ycatherineiu@shareasale.com,Skärhamn,Sweden,2025-05-20,checkout
Humphrey,De Ortega,hdeortegaiv@oaic.gov.au,Markala,Mali,2026-01-16,discount_signup
Hilliard,Spillane,hspillaneiw@umich.edu,Heping,China,2025-05-06,checkout
Batholomew,Slimme,bslimmeix@hc360.com,Tonekābon,Iran,2025-07-15,manual
Sarina,Garner,sgarneriy@newsvine.com,Revda,Russia,2025-03-29,manual
Matty,Willshear,mwillsheariz@pagesperso-orange.fr,Augsburg,Germany,2025-10-08,checkout
Abbie,Ehlerding,aehlerdingj0@independent.co.uk,Myshkin,Russia,2025-09-06,manual
Peter,Kenway,pkenwayj1@wikipedia.org,Wilmington,United States,2025-05-29,discount_signup
Doll,Whistan,dwhistanj2@nbcnews.com,Kyzyl-Kyya,Kyrgyzstan,2025-07-21,discount_signup
Feodor,Castaner,fcastanerj3@salon.com,Emiliano Zapata,Mexico,2025-08-19,discount_signup
Whitney,Beadel,wbeadelj4@ezinearticles.com,Villaviciosa,Philippines,2025-11-03,checkout
Robbin,Winman,rwinmanj5@github.com,Aparecida,Brazil,2025-12-02,checkout
Lezley,Eakin,leakinj6@cbslocal.com,Awgu,Nigeria,2025-07-10,manual
Viviyan,Abelov,vabelovj7@freewebs.com,Xianlin,China,2025-03-31,discount_signup
Hephzibah,Tybalt,htybaltj8@nasa.gov,Legrada,Philippines,2025-08-03,manual
Lurlene,Challice,lchallicej9@slideshare.net,Cikendi,Indonesia,2026-02-22,checkout
Sargent,Newton,snewtonja@japanpost.jp,Bulung’ur,Uzbekistan,2025-10-16,checkout
Cristiano,Sink,csinkjb@census.gov,Áno Merá,Greece,2026-01-31,checkout
Benetta,Powlesland,bpowleslandjc@com.com,Diré,Mali,2025-03-18,manual
Aimil,Murray,amurrayjd@wikipedia.org,Aix-en-Provence,France,2025-05-21,discount_signup
Larissa,Meacher,lmeacherje@abc.net.au,Järfälla,Sweden,2025-09-22,
Lorelle,Tripett,ltripettjf@furl.net,Uitenhage,South Africa,2025-06-17,discount_signup
Joellyn,Duffett,jduffettjg@unesco.org,Vila Alva,Portugal,2025-08-15,checkout
Erda,Blackston,eblackstonjh@arstechnica.com,Dalo,Indonesia,2025-12-30,checkout
Gratiana,Sondon,gsondonji@cmu.edu,Vishnyeva,Belarus,2025-04-18,discount_signup
Martina,Trehearn,mtrehearnjj@addtoany.com,Xiashe,China,2025-04-15,checkout
Wendie,Baradel,wbaradeljk@ifeng.com,Pasanggrahan,Indonesia,2026-02-22,discount_signup
Bernhard,Northway,bnorthwayjl@flavors.me,Eci,Indonesia,2025-05-23,discount_signup
Clementina,Bryden,cbrydenjm@cmu.edu,Ar Ramthā,Jordan,2025-11-14,discount_signup
Carolan,Climson,cclimsonjn@uiuc.edu,Perelyub,Russia,2025-05-16,checkout
Aili,Hoggan,ahogganjo@chron.com,Bailianhe,China,2025-05-20,discount_signup
Kiri,Steuart,ksteuartjp@yelp.com,Piedade,Brazil,2025-10-30,checkout
Kevin,Freake,kfreakejq@studiopress.com,Shangtuhai,China,2025-03-20,discount_signup
Vincenz,Nelson,vnelsonjr@wikia.com,Indaial,Brazil,2025-07-07,discount_signup
Karine,Kennermann,kkennermannjs@ifeng.com,Mętków,Poland,2025-03-28,discount_signup
Estel,Wark,ewarkjt@last.fm,Ochota,Poland,2025-07-28,checkout
Irita,Bridgnell,ibridgnellju@flavors.me,Chunjiang,China,2025-04-18,manual
Howard,Berriball,hberriballjv@4shared.com,Bizana,South Africa,2026-01-17,discount_signup
Georgianne,Walthew,gwalthewjw@seesaa.net,Tawun,Indonesia,2025-05-18,manual
Bearnard,Billiard,bbilliardjx@spotify.com,Qaffīn,Palestinian Territory,2025-11-11,discount_signup
Aubert,Tumilson,atumilsonjy@aboutads.info,Shuangxi,China,2025-10-12,discount_signup
Doll,Legerton,dlegertonjz@livejournal.com,Villa Dolores,Argentina,2025-03-18,manual
Charla,Sackes,csackesk0@meetup.com,Toshloq,Uzbekistan,2025-04-27,checkout
Alisa,O'Criane,aocrianek1@latimes.com,Funafuti,Tuvalu,2026-01-21,checkout
Mord,Gleeson,mgleesonk2@prlog.org,Mrkonjić Grad,Bosnia and Herzegovina,2026-01-08,checkout
Courtenay,Dearan,cdearank3@vistaprint.com,Stoney Ground,Anguilla,2025-03-26,checkout
Kathryne,Sheals,kshealsk4@time.com,Hobo,Colombia,2025-09-05,discount_signup
Sean,Grantham,sgranthamk5@delicious.com,Bolotnoye,Russia,2025-05-16,discount_signup
Fredra,Foro,fforok6@squarespace.com,Celestynów,Poland,2025-11-18,discount_signup
Ruthy,McCloy,rmccloyk7@nps.gov,Sutton,Ireland,2025-05-21,discount_signup
Petronille,Tizard,ptizardk8@wix.com,Jargalant,Mongolia,2025-12-07,
Joletta,Rawstorne,jrawstornek9@tripod.com,La Paz,Philippines,2026-01-04,checkout
Brigitta,MacCostigan,bmaccostiganka@weibo.com,Lordelo,Portugal,2025-10-15,checkout
Ozzy,Keepence,okeepencekb@eepurl.com,Leipzig,Germany,2025-09-12,checkout
Jere,Vasyushkhin,jvasyushkhinkc@51.la,Panchagarh,Bangladesh,2025-12-04,
Pamella,Iorizzi,piorizzikd@wikia.com,Qiling,China,2026-02-08,checkout
Maurise,Burnside,mburnsideke@yahoo.co.jp,Taisen-ri,South Korea,2026-01-14,checkout
Erina,Midlane,emidlanekf@mit.edu,Montijo,Panama,2026-01-09,checkout
Lydia,Gleder,lglederkg@usa.gov,Pochep,Russia,2025-10-12,checkout
Gordan,Sheering,gsheeringkh@ebay.co.uk,Iperó,Brazil,2025-05-18,
Garrik,Gallafant,ggallafantki@constantcontact.com,Sâmraông,Cambodia,2026-01-22,checkout
Gavra,Flanaghan,gflanaghankj@dropbox.com,Zákupy,Czech Republic,2025-08-12,checkout
Ynes,Gerrens,ygerrenskk@people.com.cn,Katabu,Indonesia,2026-01-24,discount_signup
Dario,Fagan,dfagankl@ftc.gov,Vanves,France,2025-07-31,checkout
Rhetta,Attac,rattackm@house.gov,Kavála,Greece,2026-01-13,checkout
Merell,Barensen,mbarensenkn@go.com,Tambaksari,Indonesia,2025-05-13,discount_signup
Muffin,Learoyd,mlearoydko@purevolume.com,Spring,United States,2026-01-06,checkout
Ddene,Rimbault,drimbaultkp@cyberchimps.com,Azua,Dominican Republic,2025-04-11,manual
Margalit,O'Loughnan,moloughnankq@moonfruit.com,Pshekhskaya,Russia,2025-06-21,discount_signup
Padriac,St. Quintin,pstquintinkr@theguardian.com,Longhua,China,2025-12-27,discount_signup
Samara,Hannent,shannentks@army.mil,Useldange,Luxembourg,2025-10-17,discount_signup
Berke,Maidens,bmaidenskt@nasa.gov,Siewierz,Poland,2025-11-24,checkout
Caleb,Fairbourn,cfairbournku@bizjournals.com,Ibarra,Ecuador,2025-06-10,manual
Kara,Petry,kpetrykv@google.pl,Illapel,Chile,2025-12-31,discount_signup
Haleigh,Halliburton,hhalliburtonkw@yellowpages.com,Nkove,Tanzania,2025-06-01,discount_signup
Gerome,Grills,ggrillskx@omniture.com,Ngampon,Indonesia,2025-08-08,manual
Kari,Bernardet,kbernardetky@ycombinator.com,Gbadolite,Democratic Republic of the Congo,2025-08-18,discount_signup
Stacee,Barkworth,sbarkworthkz@slate.com,Šestajovice,Czech Republic,2025-06-12,
Guenevere,Ivanikov,givanikovl0@nyu.edu,Maqia,China,2026-01-07,discount_signup
Jonie,Paddy,jpaddyl1@pbs.org,Parral,Chile,2025-09-15,discount_signup
Ingeborg,Wilman,iwilmanl2@cdbaby.com,Tanbu,China,2026-01-14,checkout
Ignacio,Shulver,ishulverl3@dailymotion.com,Birmingham,United States,2026-01-15,checkout
Brook,Rubrow,brubrowl4@wikispaces.com,Fukiage-fujimi,Japan,2025-08-01,checkout
Jecho,MacGilrewy,jmacgilrewyl5@businessweek.com,Santa Lucía Cotzumalguapa,Guatemala,2025-05-14,manual
Buffy,Fallanche,bfallanchel6@tuttocitta.it,San Nicolas,Philippines,2026-01-08,checkout
Nikolai,Sterre,nsterrel7@bing.com,Carregal,Portugal,2025-07-01,discount_signup
Tanney,Broadway,tbroadwayl8@theglobeandmail.com,Shanglu,China,2025-07-18,checkout
Lorin,Tuxell,ltuxelll9@theglobeandmail.com,Novoarkhanhel’s’k,Ukraine,2025-12-30,checkout
Mark,Stansbie,mstansbiela@upenn.edu,Mari,Indonesia,2025-12-24,discount_signup
Augie,Langley,alangleylb@nationalgeographic.com,Gurupi,Brazil,2025-10-21,checkout
Loy,Kermode,lkermodelc@va.gov,Seget,Indonesia,2025-10-05,discount_signup
Asa,Rastrick,arastrickld@ox.ac.uk,Zhangjiafang,China,2026-02-08,manual
Gerhardine,Esmond,gesmondle@sciencedirect.com,Huazhai,China,2026-02-24,checkout
Cindra,Ourtic,courticlf@moonfruit.com,Gugark’,Armenia,2025-06-21,checkout
Kore,Kulicke,kkulickelg@angelfire.com,Baisangguan,China,2025-06-25,checkout
Viki,Tilte,vtiltelh@usda.gov,Prokop’yevsk,Russia,2025-08-16,discount_signup
Giustino,Stocky,gstockyli@goo.ne.jp,Paris 12,France,2026-01-09,
Durward,Sheehan,dsheehanlj@instagram.com,Oenopu,Indonesia,2025-06-02,discount_signup
Myrwyn,Spybey,mspybeylk@dedecms.com,Göteborg,Sweden,2025-11-23,discount_signup
Felice,Moulds,fmouldsll@reddit.com,Linggou,China,2025-03-18,checkout
Concordia,Beagley,cbeagleylm@addthis.com,Alor Setar,Malaysia,2025-06-16,manual
Baxie,Von Helmholtz,bvonhelmholtzln@google.nl,Nor Gyugh,Armenia,2026-02-28,discount_signup
Opal,Ancliffe,oancliffelo@issuu.com,Nor Gyugh,Armenia,2025-09-20,checkout
Barnaby,Grolmann,bgrolmannlp@globo.com,Kŭrdzhali,Bulgaria,2026-02-04,
Alastair,Feetham,afeethamlq@miitbeian.gov.cn,Santa Maria,Mexico,2025-06-11,discount_signup
Blinnie,Gilffillan,bgilffillanlr@trellian.com,Sarapul,Russia,2025-10-01,checkout
Brok,Kolakovic,bkolakovicls@youtu.be,Zamora,Ecuador,2025-10-16,discount_signup
Lydia,Peach,lpeachlt@boston.com,Jonava,Lithuania,2025-11-22,
Abagael,Costelow,acostelowlu@un.org,Villa Dolores,Argentina,2025-07-20,checkout
Nikolia,Hayle,nhaylelv@linkedin.com,Cigoong,Indonesia,2025-03-18,checkout
Raimund,Wolfendell,rwolfendelllw@blinklist.com,São Borja,Brazil,2025-07-16,discount_signup
Bobine,McNay,bmcnaylx@ted.com,Słubice,Poland,2025-12-25,checkout
Cosetta,Blabie,cblabiely@ezinearticles.com,Munde,Indonesia,2025-07-18,discount_signup
Kermit,Vallack,kvallacklz@dot.gov,Fraile Pintado,Argentina,2025-12-27,discount_signup
Iormina,Maliffe,imaliffem0@samsung.com,Manouba,Tunisia,2025-04-06,checkout
Katherine,Pygott,kpygottm1@ycombinator.com,Tanabe,Japan,2025-05-11,discount_signup
Pace,Worsfield,pworsfieldm2@npr.org,Luowan,China,2025-10-07,checkout
Bekki,Winchurst,bwinchurstm3@boston.com,Gulao,China,2025-06-30,checkout
Kore,Frostdicke,kfrostdickem4@bloomberg.com,Lubin,Poland,2025-05-02,checkout
Rivi,Mityukov,rmityukovm5@yahoo.com,Leomil,Portugal,2025-07-01,checkout
Raphael,Dorre,rdorrem6@myspace.com,Voskopojë,Albania,2025-07-20,discount_signup
Lesley,Donnelly,ldonnellym7@lycos.com,Nariño,Colombia,2025-04-20,discount_signup
Cass,Crannis,ccrannism8@tripadvisor.com,Boniewo,Poland,2025-05-04,checkout
Kathie,Stichall,kstichallm9@discuz.net,Grand Rapids,United States,2026-02-20,discount_signup
Robbin,Aldhous,raldhousma@sbwire.com,Kalatongke,China,2025-10-12,checkout
Gaylord,Gaspard,ggaspardmb@ox.ac.uk,München,Germany,2025-10-31,checkout
Brita,Nathon,bnathonmc@indiatimes.com,Vista Alegre,Portugal,2025-07-04,checkout
Jillie,Jeens,jjeensmd@4shared.com,Zhengji,China,2025-11-15,manual
Bartholemy,Hauck,bhauckme@yahoo.co.jp,Xijiadian,China,2026-02-17,manual
Teddie,Cheyne,tcheynemf@miibeian.gov.cn,Yetang,China,2025-07-20,discount_signup
Mateo,Tzar,mtzarmg@state.gov,Stenungsund,Sweden,2026-01-29,manual
My,Domerque,mdomerquemh@flickr.com,Cruz das Almas,Brazil,2025-05-28,checkout
Erl,Taberer,etaberermi@live.com,San Clemente,Peru,2025-05-26,checkout
Eve,Costello,ecostellomj@symantec.com,Ustynivka,Ukraine,2025-05-12,discount_signup
Harold,O'Luby,holubymk@weebly.com,Udi,Nigeria,2025-12-29,discount_signup
Garald,Goodreid,ggoodreidml@china.com.cn,Sasa,Indonesia,2025-12-08,discount_signup
Tate,Nequest,tnequestmm@w3.org,Yangshuo,China,2025-07-04,manual
Ofilia,Niessen,oniessenmn@live.com,Al Manşūrah,Syria,2025-11-13,discount_signup
Norean,Gumm,ngummmo@google.co.jp,Huanghuatan,China,2025-12-07,discount_signup
Phedra,Thiem,pthiemmp@timesonline.co.uk,Rio Formoso,Brazil,2025-11-25,discount_signup
Orelle,Baythorp,obaythorpmq@mac.com,Szczerbice,Poland,2026-02-28,manual
Ally,Ryder,arydermr@usnews.com,Sendung,Indonesia,2025-06-28,discount_signup
Dolorita,Swindells,dswindellsms@weebly.com,Ashbourne,Ireland,2025-12-30,
Melisande,Barrowcliff,mbarrowcliffmt@etsy.com,Kavýli,Greece,2025-07-14,checkout
Mackenzie,Adnam,madnammu@addtoany.com,Bantaeng,Indonesia,2025-06-25,discount_signup
Brice,Biggs,bbiggsmv@mail.ru,Driefontein,South Africa,2025-06-04,discount_signup
Marten,Woolvin,mwoolvinmw@youtube.com,Zhongxin,China,2025-11-06,manual
Xenos,Wipfler,xwipflermx@pagesperso-orange.fr,Azenha,Portugal,2025-03-13,discount_signup
Brad,Hargie,bhargiemy@odnoklassniki.ru,Onzaga,Colombia,2025-07-28,checkout
Malanie,Dumphrey,mdumphreymz@cbsnews.com,Usogorsk,Russia,2025-11-15,checkout
Ruthie,Hanvey,rhanveyn0@nps.gov,East London,South Africa,2025-07-07,checkout
Lisetta,Siveter,lsivetern1@netlog.com,Dongjian,China,2026-02-22,discount_signup
Ebony,Hoyle,ehoylen2@harvard.edu,Steinkjer,Norway,2026-01-02,discount_signup
Thurstan,MacRierie,tmacrierien3@tuttocitta.it,La Paz,Argentina,2025-10-04,discount_signup
Zulema,Tweedlie,ztweedlien4@netvibes.com,Nguluhan,Indonesia,2026-02-16,discount_signup
Devlin,Baysting,dbaystingn5@uol.com.br,Idi Rayeuk,Indonesia,2025-08-20,manual
Noel,Marrian,nmarriann6@skype.com,Vratsa,Bulgaria,2026-01-04,checkout
Clemmy,Stanion,cstanionn7@admin.ch,Głuchów,Poland,2025-11-09,checkout
Felicio,Rhule,frhulen8@symantec.com,Muzhijie,China,2026-03-02,manual
Keri,Fazakerley,kfazakerleyn9@wisc.edu,Losari,Indonesia,2025-09-30,checkout
Sherwynd,Tatum,statumna@elpais.com,Wakapuken,Indonesia,2025-06-09,manual
Maryellen,Nellies,mnelliesnb@admin.ch,Richmond,United States,2026-01-13,checkout
Daveta,Ivanenkov,divanenkovnc@ucoz.ru,Goya,Argentina,2025-12-19,discount_signup
Kirstin,Hinkens,khinkensnd@sphinn.com,Ayteke Bi,Kazakhstan,2025-04-29,checkout
Melita,Raubenheimer,mraubenheimerne@zdnet.com,Xinyan,China,2025-07-04,checkout
Melisse,Bernolet,mbernoletnf@upenn.edu,Thị Trấn Quan Hóa,Vietnam,2025-11-04,checkout
Analiese,Wetherhead,awetherheadng@gmpg.org,Haibeitou,China,2025-12-06,discount_signup
Boniface,Locker,blockernh@stumbleupon.com,Milići,Bosnia and Herzegovina,2025-09-22,checkout
Fabien,Grayson,fgraysonni@microsoft.com,Hagerstown,United States,2025-11-26,checkout
Jorge,Whetton,jwhettonnj@ft.com,Shifang,China,2025-10-03,checkout
Deena,Banasiak,dbanasiaknk@slashdot.org,Punta Cana,Dominican Republic,2026-02-05,checkout
Krista,Doerling,kdoerlingnl@nsw.gov.au,San Miguel,Philippines,2025-05-22,checkout
Kimmi,Hubbins,khubbinsnm@histats.com,Valencia,Venezuela,2025-04-08,checkout
Veronica,Chrestien,vchrestiennn@un.org,Solna,Sweden,2025-07-24,checkout
Florenza,Dikle,fdikleno@tuttocitta.it,Morrelgonj,Bangladesh,2025-09-24,manual
Aluin,Yaakov,ayaakovnp@liveinternet.ru,Gueset,Philippines,2025-05-13,discount_signup
Alica,Kliemke,akliemkenq@weibo.com,Kurgan,Russia,2025-10-10,checkout
Barny,Steen,bsteennr@paypal.com,København,Denmark,2025-08-22,manual
Ber,Etchell,betchellns@senate.gov,Sergelen,Mongolia,2026-02-10,checkout
Morena,Benedick,mbenedicknt@clickbank.net,Miedzichowo,Poland,2025-05-29,checkout
Shirleen,Curwen,scurwennu@163.com,Jaworzynka,Poland,2025-11-16,checkout
Noella,Jennison,njennisonnv@opera.com,Boticas,Portugal,2025-12-21,checkout
Livvie,Hodges,lhodgesnw@gmpg.org,Omoa,Honduras,2025-11-10,checkout
Salome,Edwards,sedwardsnx@youku.com,Madalum,Philippines,2026-01-22,discount_signup
Cheslie,Dwerryhouse,cdwerryhouseny@ameblo.jp,Ogōri-shimogō,Japan,2025-12-06,discount_signup
Der,Dowrey,ddowreynz@studiopress.com,Jorowaru Daya,Indonesia,2025-12-19,checkout
Greggory,Ellard,gellardo0@myspace.com,San Miguel,Mexico,2025-06-09,discount_signup
Sandor,Ibbeson,sibbesono1@nifty.com,Västerås,Sweden,2025-09-02,discount_signup
Pansie,Brader,pbradero2@gmpg.org,Vairão,Portugal,2025-05-06,checkout
Bella,Rookes,brookeso3@instagram.com,Kopstal,Luxembourg,2025-03-13,checkout
Fayth,Burchfield,fburchfieldo4@boston.com,Minyue,China,2025-05-27,checkout
Myrwyn,Thurston,mthurstono5@youku.com,Subic,Philippines,2026-02-08,discount_signup
Amabel,Tremathick,atremathicko6@seattletimes.com,Vitanje,Slovenia,2025-03-23,checkout
Noll,Windibank,nwindibanko7@meetup.com,Jinan,China,2025-11-23,checkout
Jule,Lurcock,jlurcocko8@studiopress.com,Stetseva,Ukraine,2025-10-23,discount_signup
Burke,Cupper,bcuppero9@plala.or.jp,Winton,New Zealand,2025-06-22,checkout
Major,Gatesman,mgatesmanoa@samsung.com,Gbarnga,Liberia,2026-01-23,checkout
Jeanne,Cowle,jcowleob@fda.gov,Majayjay,Philippines,2026-02-02,checkout
Lauree,Patchett,lpatchettoc@chronoengine.com,Oslo,Norway,2025-07-02,checkout
Xylina,Beadham,xbeadhamod@nymag.com,Qianjiang,China,2025-07-27,manual
Siouxie,Mingard,smingardoe@epa.gov,Taunoa,French Polynesia,2025-09-18,checkout
Kippy,Wynn,kwynnof@about.com,Na Di,Thailand,2025-11-12,discount_signup
Gale,Freckingham,gfreckinghamog@netlog.com,Zielonka,Poland,2026-03-09,checkout
Claire,Mayfield,cmayfieldoh@last.fm,Buje,Croatia,2025-12-10,checkout
Franky,Silburn,fsilburnoi@redcross.org,Kamen,Croatia,2025-08-14,discount_signup
Gwennie,Champkins,gchampkinsoj@seesaa.net,Tianjin,China,2025-10-26,checkout
Rhys,Leghorn,rleghornok@aol.com,Paris La Défense,France,2026-01-18,discount_signup
Merissa,Tirrell,mtirrellol@nbcnews.com,Shaguotun,China,2025-12-27,discount_signup
Pierre,Asel,paselom@theatlantic.com,Tartouss,Syria,2025-12-05,discount_signup
Rachael,Warham,rwarhamon@time.com,El Hermel,Lebanon,2025-11-24,
Dorthea,Fluit,dfluitoo@tumblr.com,Émpa,Cyprus,2025-05-15,manual
Avigdor,Fee,afeeop@bravesites.com,Mehtar Lām,Afghanistan,2025-04-19,manual
Cristiano,Barnish,cbarnishoq@wordpress.com,Tougan,Burkina Faso,2025-09-19,discount_signup
Glenda,Duley,gduleyor@domainmarket.com,Molagavita,Colombia,2025-08-20,checkout
Sib,Jeannon,sjeannonos@microsoft.com,Dolgoderevenskoye,Russia,2025-11-01,manual
Esta,Kippen,ekippenot@foxnews.com,Virden,Canada,2025-06-28,manual
Evangeline,MacAskie,emacaskieou@pbs.org,Saint Petersburg,United States,2025-08-27,manual
Edgardo,Ciotto,eciottoov@bluehost.com,Nový Hrozenkov,Czech Republic,2025-10-26,checkout
Lay,Snasel,lsnaselow@theatlantic.com,Kamyshevatskaya,Russia,2025-03-19,checkout
Marilin,Willwood,mwillwoodox@apache.org,Velyki Mezhyrichi,Ukraine,2025-05-14,checkout
Nanette,Joisce,njoisceoy@newsvine.com,Luka nad Jihlavou,Czech Republic,2026-01-02,checkout
Julieta,McGeady,jmcgeadyoz@deviantart.com,Arish,Egypt,2025-06-21,checkout
Petronilla,Kersley,pkersleyp0@stumbleupon.com,Xinglong,China,2025-04-25,manual
Constanta,Powelee,cpoweleep1@amazonaws.com,Taytayan,Philippines,2025-09-01,checkout
Shaughn,Loadman,sloadmanp2@hhs.gov,Boju,Nigeria,2025-08-23,discount_signup
Kayne,McDell,kmcdellp3@umich.edu,Futaleufú,Chile,2025-08-29,discount_signup
Karol,Sporle,ksporlep4@hao123.com,Hualong,China,2025-07-30,checkout
Flore,Banting,fbantingp5@blogtalkradio.com,Češinovo,Macedonia,2025-05-20,discount_signup
Agatha,Arkow,aarkowp6@meetup.com,Nankengzi,China,2025-10-02,discount_signup
Lurline,Havard,lhavardp7@hao123.com,Fangtai,China,2026-01-27,discount_signup
Garvey,Kuna,gkunap8@reference.com,Palenggihan,Indonesia,2025-03-15,manual
Kellia,Wiley,kwileyp9@vimeo.com,Gongdao,China,2025-08-28,discount_signup
Arabelle,Clancy,aclancypa@woothemes.com,Canaries,Saint Lucia,2025-10-24,discount_signup
Merell,Quiddington,mquiddingtonpb@comsenz.com,Lyaskelya,Russia,2025-10-25,discount_signup
Nester,Cawsey,ncawseypc@harvard.edu,Viana do Castelo,Portugal,2025-03-18,checkout
Charline,Killich,ckillichpd@ox.ac.uk,Santa Clara,Mexico,2025-09-13,checkout
Bernard,Bazek,bbazekpe@netvibes.com,Fushan,China,2025-05-16,checkout
Rogers,Mashal,rmashalpf@addtoany.com,Rouen,France,2025-07-31,checkout
Sanderson,Windress,swindresspg@nsw.gov.au,Canhas,Portugal,2025-12-03,checkout
Lenora,Kornyakov,lkornyakovph@mlb.com,Bridgetown,Barbados,2025-06-17,discount_signup
Renae,Cammocke,rcammockepi@ask.com,Thị Trấn Trùng Khánh,Vietnam,2025-04-24,discount_signup
Thurstan,Kleuer,tkleuerpj@fc2.com,Kastsyukovichy,Belarus,2025-08-27,checkout
Audrey,Geroldo,ageroldopk@yellowbook.com,Dadong,China,2025-12-05,discount_signup
Brett,Chitter,bchitterpl@hao123.com,Molchanovo,Russia,2025-04-12,checkout
Pammi,Cordeau],pcordeaupm@seattletimes.com,Oklahoma City,United States,2026-01-13,discount_signup
Rori,Carcas,rcarcaspn@yolasite.com,Suvorovo,Bulgaria,2025-12-01,manual
Chrysa,Simion,csimionpo@sciencedaily.com,San Nicolas,Philippines,2025-05-13,discount_signup
Aurea,Rickman,arickmanpp@e-recht24.de,Itabaianinha,Brazil,2025-11-21,manual
Nester,Haggith,nhaggithpq@blinklist.com,Oelaba,Indonesia,2025-12-08,discount_signup
Benton,Wilshaw,bwilshawpr@over-blog.com,La Tigra,Argentina,2025-03-18,manual
Isador,Gerault,igeraultps@gmpg.org,South Tangerang,Indonesia,2025-10-15,discount_signup
Calvin,Revelle,crevellept@nasa.gov,Zhanghua,China,2025-08-02,checkout
Bjorn,Smelley,bsmelleypu@topsy.com,Guadalupe,Peru,2025-06-19,checkout
Jacquelynn,Dilawey,jdilaweypv@usa.gov,Cacocum,Cuba,2026-02-02,discount_signup
Ula,Beecham,ubeechampw@reddit.com,Carolina,Brazil,2025-03-26,checkout
Camel,Mordan,cmordanpx@google.ru,Trzemeszno,Poland,2026-01-27,checkout
Antoine,Mundford,amundfordpy@techcrunch.com,Cipinang,Indonesia,2025-10-23,checkout
Concettina,Lunny,clunnypz@opensource.org,San Marcos de Colón,Honduras,2025-04-23,checkout
Lammond,Drewery,ldreweryq0@umich.edu,Huaiya,China,2025-05-14,
Nanice,Giffaut,ngiffautq1@google.com.br,Daxing,China,2025-10-17,checkout
Rodge,Salvador,rsalvadorq2@accuweather.com,Zijin,China,2026-03-06,checkout
Ab,Southerton,asouthertonq3@cbsnews.com,Sīrīs,Palestinian Territory,2025-05-06,discount_signup
Pebrook,Emloch,pemlochq4@pagesperso-orange.fr,Dungon,Philippines,2025-06-24,checkout
Welby,Bowerbank,wbowerbankq5@reference.com,Mataguži,Montenegro,2026-01-28,manual
Evonne,Telega,etelegaq6@taobao.com,Lumbangan,Philippines,2026-02-24,checkout
Godwin,Archell,garchellq7@sakura.ne.jp,Muranovo,Russia,2025-12-21,checkout
Sonni,Smorthit,ssmorthitq8@ask.com,Głogówek,Poland,2025-08-12,checkout
Banky,Linstead,blinsteadq9@globo.com,Cisantri,Indonesia,2025-11-28,checkout
Lori,Lamar,llamarqa@amazon.co.jp,Agkathiá,Greece,2025-04-27,discount_signup
Darsey,Cuerdall,dcuerdallqb@themeforest.net,Ndungu,Tanzania,2026-02-19,discount_signup
Emlyn,Radclyffe,eradclyffeqc@miitbeian.gov.cn,Martil,Morocco,2025-07-07,checkout
Bird,Hew,bhewqd@so-net.ne.jp,Dýšina,Czech Republic,2026-01-03,discount_signup
Estevan,Abramov,eabramovqe@i2i.jp,Pangradin Satu,Indonesia,2025-07-17,discount_signup
Skylar,Kitchaside,skitchasideqf@huffingtonpost.com,Tempel,Indonesia,2025-12-24,discount_signup
Spenser,Vassar,svassarqg@blogger.com,Ituberá,Brazil,2025-12-14,checkout
Missie,Grisenthwaite,mgrisenthwaiteqh@walmart.com,Xiadian,China,2026-02-19,checkout
Claire,Breche,cbrecheqi@arizona.edu,Pangradin Satu,Indonesia,2025-10-29,manual
Erek,Ledeker,eledekerqj@home.pl,Nova Petrópolis,Brazil,2025-05-07,checkout
Forrest,Millward,fmillwardqk@google.co.uk,Gaojia,China,2025-08-27,discount_signup
Cordelie,Sangwine,csangwineql@mapy.cz,Nozdrzec,Poland,2026-02-14,manual
Brittni,Dubois,bduboisqm@latimes.com,Whistler,Canada,2025-12-12,checkout
Marcellina,Grutchfield,mgrutchfieldqn@tmall.com,Dayapan,Philippines,2025-04-20,discount_signup
Taryn,Brugh,tbrughqo@livejournal.com,Olival Basto,Portugal,2025-07-16,discount_signup
Allin,Cookney,acookneyqp@odnoklassniki.ru,Mojogajeh,Indonesia,2025-10-24,checkout
Nanni,Espasa,nespasaqq@illinois.edu,Phichit,Thailand,2025-11-14,checkout
Charissa,Barok,cbarokqr@google.fr,Xincheng,China,2025-10-25,checkout
Tobey,Threader,tthreaderqs@goo.ne.jp,Yandev,Nigeria,2025-06-03,checkout
Ram,Anglin,ranglinqt@squarespace.com,Daijiaba,China,2025-08-10,checkout
Kalindi,Cordero,kcorderoqu@goo.gl,Esteio,Brazil,2025-05-09,checkout
Susan,Bontoft,sbontoftqv@goo.gl,Enschede,Netherlands,2025-07-02,checkout
Ernestus,Fills,efillsqw@homestead.com,Wintzenheim,France,2025-03-19,discount_signup
Minne,Conradsen,mconradsenqx@cam.ac.uk,Motegi,Japan,2025-08-22,checkout
Ellery,Rooson,eroosonqy@state.tx.us,Karanggeneng,Indonesia,2025-12-27,checkout
Stormi,Sinyard,ssinyardqz@economist.com,Alak,Indonesia,2026-03-10,checkout
Etheline,Geoghegan,egeogheganr0@posterous.com,Lebedinovka,Kyrgyzstan,2026-02-06,checkout
Patric,Mitchelmore,pmitchelmorer1@canalblog.com,Nyzhni Petrivtsi,Ukraine,2025-04-29,discount_signup
Rancell,Flowerdew,rflowerdewr2@chron.com,Södertälje,Sweden,2025-05-21,discount_signup
Bianca,Hovell,bhovellr3@icio.us,Miyako,Japan,2025-12-17,checkout
Donal,Mapletoft,dmapletoftr4@joomla.org,Kuta,Nigeria,2025-08-26,checkout
Judas,Wasson,jwassonr5@eventbrite.com,Ḩammām Wāşil,Syria,2026-01-27,
Freddie,Ballance,fballancer6@slate.com,Balboa,Colombia,2025-06-17,checkout
Helaine,Cowx,hcowxr7@sina.com.cn,Haapajärvi,Finland,2025-05-27,discount_signup
Hermina,Robarts,hrobartsr8@unicef.org,Champagnole,France,2025-09-11,checkout
Guglielmo,Ballach,gballachr9@merriam-webster.com,São Miguel do Iguaçu,Brazil,2025-04-28,checkout
Reggie,Renner,rrennerra@newyorker.com,Lobanovo,Russia,2026-02-20,manual
Cull,Ordelt,cordeltrb@hao123.com,Gozdowo,Poland,2025-06-12,manual
Jimmy,Winham,jwinhamrc@epa.gov,Chortkiv,Ukraine,2025-09-28,checkout
Panchito,Rodman,prodmanrd@deviantart.com,Bratsk,Russia,2025-12-23,manual
Chanda,Orrett,correttre@yellowbook.com,Eskilstuna,Sweden,2025-04-02,discount_signup
Ursola,Tiuit,utiuitrf@aol.com,Ushuaia,Argentina,2026-01-13,discount_signup
Sheeree,Demcik,sdemcikrg@ted.com,Kurortnyy,Russia,2025-11-03,discount_signup
Wyatt,Marieton,wmarietonrh@is.gd,Baku,Azerbaijan,2026-01-22,discount_signup
Devland,Byrom,dbyromri@cbslocal.com,Houston,United States,2025-10-29,discount_signup
Rafa,Bonelle,rbonellerj@google.co.jp,‘Awaj,Syria,2025-05-30,discount_signup
Judi,Rowdell,jrowdellrk@omniture.com,Peristerona,Cyprus,2026-02-15,discount_signup
Ave,Pesticcio,apesticciorl@diigo.com,Borås,Sweden,2026-02-06,checkout
Luise,Whisson,lwhissonrm@desdev.cn,Buçimas,Albania,2025-09-29,checkout
Dosi,Vyse,dvysern@exblog.jp,Lordelo,Portugal,2025-11-17,discount_signup
Nettie,Bernholt,nbernholtro@marketwatch.com,Chai Badan,Thailand,2025-06-14,discount_signup
Joel,Featherstone,jfeatherstonerp@t.co,Baoyang,China,2026-01-26,manual
Charita,Ewbanck,cewbanckrq@wordpress.org,Yur’yev-Pol’skiy,Russia,2026-02-27,discount_signup
Juliette,Maryan,jmaryanrr@theguardian.com,Prado,Portugal,2025-07-19,checkout
